source,page,column,char_idx,char,confidence,agreement
CacThanhTruyen2,page_0012,1,0,二,0.709,majority
CacThanhTruyen2,page_0012,1,1,月,0.879,majority
CacThanhTruyen2,page_0012,1,2,二,0.577,majority
CacThanhTruyen2,page_0012,1,3,卞,0.515,plurality
CacThanhTruyen2,page_0012,1,4,八,0.732,plurality
CacThanhTruyen2,page_0012,1,5,日,0.556,plurality
CacThanhTruyen2,page_0012,2,0,日,0.680,plurality
CacThanhTruyen2,page_0012,2,1,公,0.558,plurality
CacThanhTruyen2,page_0012,2,2,,0.000,none
CacThanhTruyen2,page_0012,2,3,垩,0.683,plurality
CacThanhTruyen2,page_0012,2,4,依,0.775,plurality
CacThanhTruyen2,page_0012,2,5,那,0.627,plurality
CacThanhTruyen2,page_0012,2,6,樞,0.643,plurality
CacThanhTruyen2,page_0012,2,7,曰,0.662,plurality
CacThanhTruyen2,page_0012,2,8,無,0.630,majority
CacThanhTruyen2,page_0012,2,9,死,0.655,plurality
CacThanhTruyen2,page_0012,2,10,爲,0.527,plurality
CacThanhTruyen2,page_0012,2,11,道,0.798,majority
CacThanhTruyen2,page_0012,2,12,傳,0.605,plurality
CacThanhTruyen2,page_0012,3,0,翁,0.808,majority
CacThanhTruyen2,page_0012,3,1,華,0.736,plurality
CacThanhTruyen2,page_0012,3,2,君,0.604,plurality
CacThanhTruyen2,page_0012,3,3,畀,0.654,plurality
CacThanhTruyen2,page_0012,3,4,,0.000,none
CacThanhTruyen2,page_0012,3,5,四,0.741,plurality
CacThanhTruyen2,page_0012,3,6,翁,0.717,majority
CacThanhTruyen2,page_0012,3,7,垩,0.622,plurality
CacThanhTruyen2,page_0012,3,8,樞,0.797,plurality
CacThanhTruyen2,page_0012,3,9,蠎,0.542,plurality
CacThanhTruyen2,page_0012,3,10,罘,0.594,plurality
CacThanhTruyen2,page_0012,3,11,苔,0.538,plurality
CacThanhTruyen2,page_0012,3,12,四,0.772,plurality
CacThanhTruyen2,page_0012,3,13,奇,0.732,majority
CacThanhTruyen2,page_0012,3,14,徳,0.520,plurality
CacThanhTruyen2,page_0012,3,15,主,0.549,plurality
CacThanhTruyen2,page_0012,3,16,支,0.737,plurality
CacThanhTruyen2,page_0012,3,17,秋,0.613,plurality
CacThanhTruyen2,page_0012,3,18,,0.000,none
CacThanhTruyen2,page_0012,3,19,体,0.814,majority
CacThanhTruyen2,page_0012,3,20,慓,0.767,plurality
CacThanhTruyen2,page_0012,3,21,主,0.677,plurality
CacThanhTruyen2,page_0012,4,0,,0.000,none
CacThanhTruyen2,page_0012,4,1,婆,0.704,majority
CacThanhTruyen2,page_0012,4,2,瑪,0.623,plurality
CacThanhTruyen2,page_0012,4,3,預,0.618,plurality
CacThanhTruyen2,page_0012,4,4,亞,0.624,plurality
CacThanhTruyen2,page_0012,4,5,羣,0.568,plurality
CacThanhTruyen2,page_0012,4,6,於,0.710,plurality
CacThanhTruyen2,page_0012,4,7,世,0.772,plurality
CacThanhTruyen2,page_0012,4,8,,0.000,none
CacThanhTruyen2,page_0012,4,9,朱,0.620,plurality
CacThanhTruyen2,page_0012,4,10,,0.000,none
CacThanhTruyen2,page_0012,4,11,,0.000,none
CacThanhTruyen2,page_0012,4,12,而,0.567,plurality
CacThanhTruyen2,page_0012,4,13,垩,0.706,plurality
CacThanhTruyen2,page_0012,4,14,奇,0.626,plurality
CacThanhTruyen2,page_0012,4,15,韋,0.609,plurality
CacThanhTruyen2,page_0012,4,16,而,0.609,plurality
CacThanhTruyen2,page_0012,4,17,曰,0.786,plurality
CacThanhTruyen2,page_0012,4,18,無,0.555,plurality
CacThanhTruyen2,page_0012,4,19,城,0.569,plurality
CacThanhTruyen2,page_0012,4,20,安,0.687,plurality
CacThanhTruyen2,page_0012,4,21,𤰞,0.675,plurality
CacThanhTruyen2,page_0012,5,0,怎,0.715,majority
CacThanhTruyen2,page_0012,5,1,箕,0.738,plurality
CacThanhTruyen2,page_0012,5,2,歙,0.671,plurality
CacThanhTruyen2,page_0012,5,3,意,0.651,plurality
CacThanhTruyen2,page_0012,5,4,对,0.604,plurality
CacThanhTruyen2,page_0012,5,5,𡱆,0.580,plurality
CacThanhTruyen2,page_0012,5,6,署,0.676,plurality
CacThanhTruyen2,page_0012,5,7,瑪,0.558,plurality
CacThanhTruyen2,page_0012,5,8,先,0.576,plurality
CacThanhTruyen2,page_0012,5,9,䍐,0.574,plurality
CacThanhTruyen2,page_0012,5,10,查,0.543,plurality
CacThanhTruyen2,page_0012,5,11,加,0.500,plurality
CacThanhTruyen2,page_0012,5,12,奴,0.681,plurality
CacThanhTruyen2,page_0012,5,13,然,0.625,plurality
CacThanhTruyen2,page_0012,5,14,打,0.743,majority
CacThanhTruyen2,page_0012,5,15,特,0.814,majority
CacThanhTruyen2,page_0012,5,16,賦,0.598,plurality
CacThanhTruyen2,page_0012,5,17,渃,0.559,plurality
CacThanhTruyen2,page_0012,5,18,批,0.649,majority
CacThanhTruyen2,page_0012,5,19,吹,0.650,majority
CacThanhTruyen2,page_0012,5,20,何,0.750,majority
CacThanhTruyen2,page_0012,6,0,麻,0.761,majority
CacThanhTruyen2,page_0012,6,1,術,0.734,plurality
CacThanhTruyen2,page_0012,6,2,寺,0.677,majority
CacThanhTruyen2,page_0012,6,3,用,0.663,plurality
CacThanhTruyen2,page_0012,6,4,戈,0.559,plurality
CacThanhTruyen2,page_0012,6,5,威,0.640,plurality
CacThanhTruyen2,page_0012,6,6,安,0.762,majority
CacThanhTruyen2,page_0012,6,7,𤰞,0.559,plurality
CacThanhTruyen2,page_0012,6,8,烏,0.671,plurality
CacThanhTruyen2,page_0012,6,9,,0.000,none
CacThanhTruyen2,page_0012,6,10,連,0.567,plurality
CacThanhTruyen2,page_0012,6,11,,0.000,none
CacThanhTruyen2,page_0012,6,12,,0.000,none
CacThanhTruyen2,page_0012,6,13,麻,0.707,majority
CacThanhTruyen2,page_0012,6,14,喋,0.748,plurality
CacThanhTruyen2,page_0012,6,15,浪,0.657,plurality
CacThanhTruyen2,page_0012,6,16,眉,0.609,plurality
CacThanhTruyen2,page_0012,6,17,乕,0.567,plurality
CacThanhTruyen2,page_0012,6,18,依,0.795,majority
CacThanhTruyen2,page_0012,6,19,那,0.876,majority
CacThanhTruyen2,page_0012,7,0,福,0.840,majority
CacThanhTruyen2,page_0012,7,1,㝵,0.519,plurality
CacThanhTruyen2,page_0012,7,2,陛,0.505,plurality
CacThanhTruyen2,page_0012,7,3,會,0.682,plurality
CacThanhTruyen2,page_0012,7,4,浪,0.543,plurality
CacThanhTruyen2,page_0012,7,5,纊,0.592,plurality
CacThanhTruyen2,page_0012,7,6,批,0.627,plurality
CacThanhTruyen2,page_0012,7,7,𣈆,0.540,plurality
CacThanhTruyen2,page_0012,7,8,昜,0.658,plurality
CacThanhTruyen2,page_0012,7,9,局,0.630,plurality
CacThanhTruyen2,page_0012,7,10,庒,0.568,plurality
CacThanhTruyen2,page_0012,7,11,除,0.560,plurality
CacThanhTruyen2,page_0012,7,12,孛,0.671,plurality
CacThanhTruyen2,page_0012,7,13,,0.000,none
CacThanhTruyen2,page_0012,7,14,㝵,0.543,plurality
CacThanhTruyen2,page_0012,7,15,踈,0.596,plurality
CacThanhTruyen2,page_0012,7,16,浪,0.731,plurality
CacThanhTruyen2,page_0012,7,17,奏,0.896,majority
CacThanhTruyen2,page_0012,7,18,不,0.578,plurality
CacThanhTruyen2,page_0012,8,0,乕,0.646,plurality
CacThanhTruyen2,page_0012,8,1,碎,0.782,plurality
CacThanhTruyen2,page_0012,8,2,,0.000,none
CacThanhTruyen2,page_0012,8,3,些,0.502,plurality
CacThanhTruyen2,page_0012,8,4,噲,0.645,plurality
CacThanhTruyen2,page_0012,8,5,浪,0.574,plurality
CacThanhTruyen2,page_0012,8,6,纊,0.593,plurality
CacThanhTruyen2,page_0012,8,7,批,0.702,plurality
CacThanhTruyen2,page_0012,8,8,𣈆,0.615,plurality
CacThanhTruyen2,page_0012,8,9,馬,0.706,plurality
CacThanhTruyen2,page_0012,8,10,中,0.686,plurality
CacThanhTruyen2,page_0012,8,11,弄,0.511,plurality
CacThanhTruyen2,page_0012,8,12,恒,0.507,plurality
CacThanhTruyen2,page_0012,8,13,想,0.658,plurality
CacThanhTruyen2,page_0012,8,14,徳,0.598,plurality
CacThanhTruyen2,page_0012,8,15,主,0.607,plurality
CacThanhTruyen2,page_0012,8,16,支,0.502,plurality
CacThanhTruyen2,page_0012,8,17,,0.000,none
CacThanhTruyen2,page_0012,8,18,罡,0.771,plurality
CacThanhTruyen2,page_0012,8,19,,0.000,none
CacThanhTruyen2,page_0012,8,20,衆,0.712,plurality
CacThanhTruyen2,page_0012,8,21,辟,0.756,plurality
CacThanhTruyen2,page_0012,9,0,相,0.559,plurality
CacThanhTruyen2,page_0012,9,1,海,0.770,majority
CacThanhTruyen2,page_0012,9,2,浪,0.630,plurality
CacThanhTruyen2,page_0012,9,3,庶,0.683,plurality
CacThanhTruyen2,page_0012,9,4,平,0.894,majority
CacThanhTruyen2,page_0012,9,5,固,0.753,majority
CacThanhTruyen2,page_0012,9,6,題,0.698,plurality
CacThanhTruyen2,page_0012,9,7,不,0.599,plurality
CacThanhTruyen2,page_0012,9,8,,0.000,none
CacThanhTruyen2,page_0012,9,9,圣,0.740,plurality
CacThanhTruyen2,page_0012,9,10,,0.000,none
CacThanhTruyen2,page_0012,9,11,想,0.663,plurality
CacThanhTruyen2,page_0012,9,12,寺,0.600,plurality
CacThanhTruyen2,page_0012,9,13,𦔳,0.671,plurality
CacThanhTruyen2,page_0012,9,14,,0.000,none
CacThanhTruyen2,page_0012,9,15,女,0.828,plurality
CacThanhTruyen2,page_0012,9,16,冲,0.597,plurality
CacThanhTruyen2,page_0012,9,17,㝵,0.589,plurality
CacThanhTruyen2,page_0012,9,18,把,0.689,majority
CacThanhTruyen2,page_0012,9,19,囪,0.648,plurality
CacThanhTruyen2,page_0012,9,20,浪,0.531,plurality
CacThanhTruyen2,page_0012,9,21,用,0.648,majority
CacThanhTruyen2,page_0014,1,0,忌,0.648,majority
CacThanhTruyen2,page_0014,1,1,法,0.893,majority
CacThanhTruyen2,page_0014,1,2,学,0.802,majority
CacThanhTruyen2,page_0014,1,3,而,0.675,plurality
CacThanhTruyen2,page_0014,1,4,之,0.564,plurality
CacThanhTruyen2,page_0014,1,5,固,0.560,plurality
CacThanhTruyen2,page_0014,1,6,爲,0.620,plurality
CacThanhTruyen2,page_0014,1,7,法,0.668,majority
CacThanhTruyen2,page_0014,1,8,,0.000,none
CacThanhTruyen2,page_0014,1,9,主,0.820,majority
CacThanhTruyen2,page_0014,1,10,奉,0.712,majority
CacThanhTruyen2,page_0014,1,11,,0.000,none
CacThanhTruyen2,page_0014,1,12,年,1.000,unanimous
CacThanhTruyen2,page_0014,1,13,華,0.527,plurality
CacThanhTruyen2,page_0014,1,14,坦,0.511,plurality
CacThanhTruyen2,page_0014,1,15,兵,0.604,plurality
CacThanhTruyen2,page_0014,1,16,門,0.769,plurality
CacThanhTruyen2,page_0014,1,17,物,0.857,plurality
CacThanhTruyen2,page_0014,1,18,固,0.796,plurality
CacThanhTruyen2,page_0014,1,19,法,0.545,plurality
CacThanhTruyen2,page_0014,1,20,破,0.628,plurality
CacThanhTruyen2,page_0014,1,21,斈,0.554,plurality
CacThanhTruyen2,page_0014,1,22,共,0.543,plurality
CacThanhTruyen2,page_0014,2,0,臺,0.549,plurality
CacThanhTruyen2,page_0014,2,1,号,0.643,plurality
CacThanhTruyen2,page_0014,2,2,巳,0.676,plurality
CacThanhTruyen2,page_0014,2,3,号,0.669,plurality
CacThanhTruyen2,page_0014,3,0,居,0.503,plurality
CacThanhTruyen2,page_0014,3,1,麻,0.691,majority
CacThanhTruyen2,page_0014,3,2,,0.000,none
CacThanhTruyen2,page_0014,3,3,,0.000,none
CacThanhTruyen2,page_0014,3,4,之,0.698,majority
CacThanhTruyen2,page_0014,3,5,用,0.625,plurality
CacThanhTruyen2,page_0014,3,6,别,0.514,plurality
CacThanhTruyen2,page_0014,3,7,事,0.793,majority
CacThanhTruyen2,page_0014,3,8,尼,0.833,majority
CacThanhTruyen2,page_0014,3,9,新,0.816,majority
CacThanhTruyen2,page_0014,3,10,詳,0.706,plurality
CacThanhTruyen2,page_0014,3,11,寺,0.522,plurality
CacThanhTruyen2,page_0014,3,12,主,0.564,plurality
CacThanhTruyen2,page_0014,3,13,户,0.781,plurality
CacThanhTruyen2,page_0014,3,14,賊,0.653,plurality
CacThanhTruyen2,page_0014,3,15,兵,0.624,plurality
CacThanhTruyen2,page_0014,3,16,每,0.725,majority
CacThanhTruyen2,page_0014,3,17,事,0.823,majority
CacThanhTruyen2,page_0014,3,18,庫,0.693,plurality
CacThanhTruyen2,page_0014,3,19,女,0.656,plurality
CacThanhTruyen2,page_0014,3,20,用,0.592,plurality
CacThanhTruyen2,page_0014,4,0,宜,0.578,plurality
CacThanhTruyen2,page_0014,4,1,夜,0.699,plurality
CacThanhTruyen2,page_0014,4,2,意,0.612,plurality
CacThanhTruyen2,page_0014,4,3,,0.000,none
CacThanhTruyen2,page_0014,4,4,滚,0.706,plurality
CacThanhTruyen2,page_0014,4,5,呐,0.706,plurality
CacThanhTruyen2,page_0014,4,6,旦,0.601,plurality
CacThanhTruyen2,page_0014,4,7,事,0.537,plurality
CacThanhTruyen2,page_0014,4,8,意,0.670,plurality
CacThanhTruyen2,page_0014,4,9,如,0.630,plurality
CacThanhTruyen2,page_0014,4,10,之,0.538,plurality
CacThanhTruyen2,page_0014,4,11,眉,0.705,majority
CacThanhTruyen2,page_0014,4,12,閣,0.809,plurality
CacThanhTruyen2,page_0014,4,13,葉,0.599,plurality
CacThanhTruyen2,page_0014,4,14,,0.000,none
CacThanhTruyen2,page_0014,4,15,蚤,0.615,plurality
CacThanhTruyen2,page_0014,4,16,寺,0.536,plurality
CacThanhTruyen2,page_0014,4,17,補,0.548,plurality
CacThanhTruyen2,page_0014,4,18,意,0.601,plurality
CacThanhTruyen2,page_0014,4,19,眉,0.613,plurality
CacThanhTruyen2,page_0014,4,20,麻,0.688,majority
CacThanhTruyen2,page_0014,5,0,朱,0.585,plurality
CacThanhTruyen2,page_0014,5,1,聀,0.639,plurality
CacThanhTruyen2,page_0014,5,2,𡖋,0.539,plurality
CacThanhTruyen2,page_0014,5,3,仕,0.577,plurality
CacThanhTruyen2,page_0014,5,4,奇,0.837,majority
CacThanhTruyen2,page_0014,5,5,公,0.744,majority
CacThanhTruyen2,page_0014,5,6,羽,0.690,plurality
CacThanhTruyen2,page_0014,5,7,堊,0.722,plurality
CacThanhTruyen2,page_0014,5,8,依,0.640,plurality
CacThanhTruyen2,page_0014,5,9,交,0.600,plurality
CacThanhTruyen2,page_0014,5,10,浪,0.698,plurality
CacThanhTruyen2,page_0014,5,11,,0.000,none
CacThanhTruyen2,page_0014,5,12,衣,0.654,majority
CacThanhTruyen2,page_0014,5,13,,0.000,none
CacThanhTruyen2,page_0014,5,14,事,0.805,majority
CacThanhTruyen2,page_0014,5,15,重,0.733,majority
CacThanhTruyen2,page_0014,5,16,双,0.785,majority
CacThanhTruyen2,page_0014,5,17,离,0.673,plurality
CacThanhTruyen2,page_0014,5,18,𡖋,0.564,plurality
CacThanhTruyen2,page_0014,5,19,困,0.698,majority
CacThanhTruyen2,page_0014,5,20,灵,0.800,majority
CacThanhTruyen2,page_0014,5,21,记,0.508,plurality
CacThanhTruyen2,page_0014,5,22,,0.000,none
CacThanhTruyen2,page_0014,6,0,召,0.574,plurality
CacThanhTruyen2,page_0014,6,1,共,0.843,majority
CacThanhTruyen2,page_0014,6,2,,0.000,none
CacThanhTruyen2,page_0014,6,3,朱,0.515,plurality
CacThanhTruyen2,page_0014,6,4,固,0.548,plurality
CacThanhTruyen2,page_0014,6,5,理,0.667,plurality
CacThanhTruyen2,page_0014,6,6,常,0.587,majority
CacThanhTruyen2,page_0014,6,7,哈,0.566,plurality
CacThanhTruyen2,page_0014,6,8,碎,0.706,plurality
CacThanhTruyen2,page_0014,6,9,畏,0.801,plurality
CacThanhTruyen2,page_0014,6,10,应,0.531,plurality
CacThanhTruyen2,page_0014,6,11,獅,0.583,plurality
CacThanhTruyen2,page_0014,6,12,由,0.595,plurality
CacThanhTruyen2,page_0014,6,13,司,0.538,plurality
CacThanhTruyen2,page_0014,6,14,,0.000,none
CacThanhTruyen2,page_0014,6,15,,0.000,none
CacThanhTruyen2,page_0014,6,16,茂,0.543,plurality
CacThanhTruyen2,page_0014,6,17,以,0.553,plurality
CacThanhTruyen2,page_0014,6,18,禮,0.669,plurality
CacThanhTruyen2,page_0014,6,19,眉,0.569,plurality
CacThanhTruyen2,page_0014,6,20,,0.000,none
CacThanhTruyen2,page_0014,6,21,敬,0.599,plurality
CacThanhTruyen2,page_0014,6,22,,0.000,none
CacThanhTruyen2,page_0014,7,0,秋,0.534,plurality
CacThanhTruyen2,page_0014,7,1,乇,0.750,plurality
CacThanhTruyen2,page_0014,7,2,𡰱,0.541,plurality
CacThanhTruyen2,page_0014,7,3,庫,0.579,plurality
CacThanhTruyen2,page_0014,7,4,爲,0.637,plurality
CacThanhTruyen2,page_0014,7,5,碎,0.558,plurality
CacThanhTruyen2,page_0014,7,6,,0.000,none
CacThanhTruyen2,page_0014,7,7,体,0.836,majority
CacThanhTruyen2,page_0014,7,8,呐,0.736,plurality
CacThanhTruyen2,page_0014,7,9,而,0.549,plurality
CacThanhTruyen2,page_0014,7,10,丕,0.580,plurality
CacThanhTruyen2,page_0014,7,11,麻,0.504,plurality
CacThanhTruyen2,page_0014,7,12,曳,0.553,plurality
CacThanhTruyen2,page_0014,7,13,末,0.677,plurality
CacThanhTruyen2,page_0014,7,14,功,0.665,plurality
CacThanhTruyen2,page_0014,7,15,寺,0.680,plurality
CacThanhTruyen2,page_0014,7,16,代,0.787,majority
CacThanhTruyen2,page_0014,7,17,,0.000,none
CacThanhTruyen2,page_0014,7,18,㝵,0.737,plurality
CacThanhTruyen2,page_0014,7,19,䏻,0.608,plurality
CacThanhTruyen2,page_0014,7,20,城,0.693,plurality
CacThanhTruyen2,page_0014,7,21,,0.000,none
CacThanhTruyen2,page_0014,7,22,,0.000,none
CacThanhTruyen2,page_0014,8,0,,0.000,none
CacThanhTruyen2,page_0014,8,1,朱,0.789,majority
CacThanhTruyen2,page_0014,8,2,獅,0.717,plurality
CacThanhTruyen2,page_0014,8,3,子,0.556,plurality
CacThanhTruyen2,page_0014,8,4,安,0.639,plurality
CacThanhTruyen2,page_0014,8,5,羽,0.697,plurality
CacThanhTruyen2,page_0014,8,6,㝵,0.579,plurality
CacThanhTruyen2,page_0014,8,7,宜,0.782,plurality
CacThanhTruyen2,page_0014,8,8,信,0.603,plurality
CacThanhTruyen2,page_0014,8,9,伐,0.522,plurality
CacThanhTruyen2,page_0014,8,10,寺,0.527,plurality
CacThanhTruyen2,page_0014,8,11,明,0.589,plurality
CacThanhTruyen2,page_0014,8,12,漂,0.656,plurality
CacThanhTruyen2,page_0014,8,13,伙,0.561,plurality
CacThanhTruyen2,page_0014,8,14,几,0.668,plurality
CacThanhTruyen2,page_0014,8,15,特,0.534,plurality
CacThanhTruyen2,page_0014,8,16,古,0.676,plurality
CacThanhTruyen2,page_0014,8,17,重,0.589,plurality
CacThanhTruyen2,page_0014,8,18,共,0.559,majority
CacThanhTruyen2,page_0014,8,19,聀,0.564,plurality
CacThanhTruyen2,page_0014,8,20,郎,0.733,majority
CacThanhTruyen2,page_0014,8,21,,0.000,none
CacThanhTruyen2,page_0014,9,0,本,0.717,majority
CacThanhTruyen2,page_0014,9,1,道,0.813,majority
CacThanhTruyen2,page_0014,9,2,城,0.536,plurality
CacThanhTruyen2,page_0014,9,3,兵,0.536,plurality
CacThanhTruyen2,page_0014,9,4,司,0.568,plurality
CacThanhTruyen2,page_0014,9,5,烏,0.557,plurality
CacThanhTruyen2,page_0014,9,6,箕,0.552,plurality
CacThanhTruyen2,page_0014,9,7,哭,0.653,plurality
CacThanhTruyen2,page_0014,9,8,六,0.637,plurality
CacThanhTruyen2,page_0014,9,9,歇,0.572,plurality
CacThanhTruyen2,page_0014,9,10,民,0.637,majority
CacThanhTruyen2,page_0014,9,11,命,0.894,majority
CacThanhTruyen2,page_0014,9,12,㝵,0.684,plurality
CacThanhTruyen2,page_0014,9,13,於,0.565,plurality
CacThanhTruyen2,page_0014,9,14,盃,0.546,plurality
CacThanhTruyen2,page_0014,9,15,晒,0.606,plurality
CacThanhTruyen2,page_0014,9,16,安,0.583,majority
CacThanhTruyen2,page_0014,9,17,慰,0.663,plurality
CacThanhTruyen2,page_0014,9,18,腐,0.583,plurality
CacThanhTruyen2,page_0014,9,19,㝵,0.594,plurality
CacThanhTruyen2,page_0014,9,20,陛,0.550,plurality
CacThanhTruyen2,page_0014,9,21,户,0.664,plurality
CacThanhTruyen2,page_0016,1,0,罪,0.772,plurality
CacThanhTruyen2,page_0016,1,1,軍,0.585,plurality
CacThanhTruyen2,page_0016,1,2,奴,0.768,plurality
CacThanhTruyen2,page_0016,1,3,攺,0.828,plurality
CacThanhTruyen2,page_0016,1,4,者,0.706,plurality
CacThanhTruyen2,page_0016,1,5,各,0.828,plurality
CacThanhTruyen2,page_0016,1,6,本,0.828,plurality
CacThanhTruyen2,page_0016,1,7,道,0.750,plurality
CacThanhTruyen2,page_0016,1,8,丘,0.678,plurality
CacThanhTruyen2,page_0016,1,9,魄,0.828,plurality
CacThanhTruyen2,page_0016,1,10,朔,0.571,plurality
CacThanhTruyen2,page_0016,1,11,深,0.706,plurality
CacThanhTruyen2,page_0016,1,12,迈,0.607,plurality
CacThanhTruyen2,page_0016,1,13,離,0.571,plurality
CacThanhTruyen2,page_0016,1,14,麻,0.663,plurality
CacThanhTruyen2,page_0016,1,15,耿,0.706,plurality
CacThanhTruyen2,page_0016,1,16,軍,0.571,plurality
CacThanhTruyen2,page_0016,1,17,随,0.619,plurality
CacThanhTruyen2,page_0016,1,18,扒,0.706,plurality
CacThanhTruyen2,page_0016,1,19,㝵,0.828,plurality
CacThanhTruyen2,page_0016,1,20,寺,0.827,plurality
CacThanhTruyen2,page_0016,1,21,祀,0.680,plurality
CacThanhTruyen2,page_0016,1,22,練,0.607,plurality
CacThanhTruyen2,page_0016,2,0,鐵,0.693,plurality
CacThanhTruyen2,page_0016,2,1,麻,0.730,plurality
CacThanhTruyen2,page_0016,2,2,紏,0.735,plurality
CacThanhTruyen2,page_0016,2,3,𠇭,0.586,plurality
CacThanhTruyen2,page_0016,2,4,眉,0.719,plurality
CacThanhTruyen2,page_0016,2,5,付,0.561,plurality
CacThanhTruyen2,page_0016,2,6,朱,0.598,plurality
CacThanhTruyen2,page_0016,2,7,各,0.706,plurality
CacThanhTruyen2,page_0016,2,8,官,0.560,plurality
CacThanhTruyen2,page_0016,2,9,岩,0.600,plurality
CacThanhTruyen2,page_0016,2,10,䏻,0.706,plurality
CacThanhTruyen2,page_0016,2,11,獨,0.706,plurality
CacThanhTruyen2,page_0016,2,12,庚,0.706,plurality
CacThanhTruyen2,page_0016,2,13,翁,0.575,plurality
CacThanhTruyen2,page_0016,2,14,垩,0.597,plurality
CacThanhTruyen2,page_0016,2,15,依,0.610,plurality
CacThanhTruyen2,page_0016,2,16,那,0.621,plurality
CacThanhTruyen2,page_0016,2,17,樞,0.681,plurality
CacThanhTruyen2,page_0016,2,18,召,0.569,plurality
CacThanhTruyen2,page_0016,2,19,事,0.750,plurality
CacThanhTruyen2,page_0016,2,20,庫,0.706,plurality
CacThanhTruyen2,page_0016,3,0,標,0.637,plurality
CacThanhTruyen2,page_0016,3,1,爲,0.706,plurality
CacThanhTruyen2,page_0016,3,2,徴,0.701,plurality
CacThanhTruyen2,page_0016,3,3,冬,0.706,plurality
CacThanhTruyen2,page_0016,3,4,官,0.672,plurality
CacThanhTruyen2,page_0016,3,5,𮚃,0.828,plurality
CacThanhTruyen2,page_0016,3,6,古,0.706,plurality
CacThanhTruyen2,page_0016,3,7,寺,0.607,plurality
CacThanhTruyen2,page_0016,3,8,本,0.706,plurality
CacThanhTruyen2,page_0016,3,9,道,0.555,plurality
CacThanhTruyen2,page_0016,3,10,㷔,0.828,plurality
CacThanhTruyen2,page_0016,3,11,朱,0.750,plurality
CacThanhTruyen2,page_0016,3,12,嘱,0.647,plurality
CacThanhTruyen2,page_0016,3,13,白,1.000,majority
CacThanhTruyen2,page_0016,3,14,困,0.706,plurality
CacThanhTruyen2,page_0016,3,15,架,0.682,plurality
CacThanhTruyen2,page_0016,3,16,𠇭,0.646,plurality
CacThanhTruyen2,page_0016,3,17,双,0.571,plurality
CacThanhTruyen2,page_0016,3,18,爵,0.706,plurality
CacThanhTruyen2,page_0016,3,19,奴,0.706,plurality
CacThanhTruyen2,page_0016,3,20,特,0.706,plurality
CacThanhTruyen2,page_0016,3,21,古,0.793,plurality
CacThanhTruyen2,page_0016,4,0,強,0.706,plurality
CacThanhTruyen2,page_0016,4,1,添,0.600,plurality
CacThanhTruyen2,page_0016,4,2,而,0.570,plurality
CacThanhTruyen2,page_0016,4,3,庫,0.571,plurality
CacThanhTruyen2,page_0016,4,4,朱,0.706,plurality
CacThanhTruyen2,page_0016,4,5,丕,0.554,plurality
CacThanhTruyen2,page_0016,4,6,㝵,0.706,plurality
CacThanhTruyen2,page_0016,4,7,結,0.682,plurality
CacThanhTruyen2,page_0016,4,8,旦,0.592,plurality
CacThanhTruyen2,page_0016,4,9,城,0.707,plurality
CacThanhTruyen2,page_0016,4,10,獅,0.711,plurality
CacThanhTruyen2,page_0016,4,11,𨔻,0.550,plurality
CacThanhTruyen2,page_0016,4,12,槎,0.706,plurality
CacThanhTruyen2,page_0016,4,13,百,0.828,plurality
CacThanhTruyen2,page_0016,4,14,買,1.000,majority
CacThanhTruyen2,page_0016,4,15,寳,0.716,plurality
CacThanhTruyen2,page_0016,4,16,舩,0.770,plurality
CacThanhTruyen2,page_0016,4,17,麻,0.563,plurality
CacThanhTruyen2,page_0016,4,18,礼,0.573,plurality
CacThanhTruyen2,page_0016,4,19,旦,0.555,plurality
CacThanhTruyen2,page_0016,4,20,城,0.627,plurality
CacThanhTruyen2,page_0016,4,21,吹,0.571,plurality
CacThanhTruyen2,page_0016,5,0,眉,0.594,plurality
CacThanhTruyen2,page_0016,5,1,那,0.828,plurality
CacThanhTruyen2,page_0016,5,2,罡,0.570,plurality
CacThanhTruyen2,page_0016,5,3,君,0.675,plurality
CacThanhTruyen2,page_0016,5,4,翁,0.706,plurality
CacThanhTruyen2,page_0016,5,5,垩,0.761,plurality
CacThanhTruyen2,page_0016,5,6,浦,0.642,plurality
CacThanhTruyen2,page_0016,5,7,离,0.592,plurality
CacThanhTruyen2,page_0016,5,8,歌,0.716,plurality
CacThanhTruyen2,page_0016,5,9,浦,0.590,plurality
CacThanhTruyen2,page_0016,5,10,曰,0.570,plurality
CacThanhTruyen2,page_0016,5,11,無,0.571,plurality
CacThanhTruyen2,page_0016,5,12,困,0.679,plurality
CacThanhTruyen2,page_0016,5,13,除,0.614,plurality
CacThanhTruyen2,page_0016,5,14,奇,0.559,plurality
CacThanhTruyen2,page_0016,5,15,常,0.576,plurality
CacThanhTruyen2,page_0016,5,16,咍,0.736,plurality
CacThanhTruyen2,page_0016,5,17,垩,0.784,plurality
CacThanhTruyen2,page_0016,5,18,明,0.706,plurality
CacThanhTruyen2,page_0016,5,19,吕,0.750,plurality
CacThanhTruyen2,page_0016,5,20,院,0.828,plurality
CacThanhTruyen2,page_0016,6,0,仍,0.757,plurality
CacThanhTruyen2,page_0016,6,1,麻,0.600,plurality
CacThanhTruyen2,page_0016,6,2,𭔿,0.626,plurality
CacThanhTruyen2,page_0016,6,3,垩,0.597,plurality
CacThanhTruyen2,page_0016,6,4,浦,0.582,plurality
CacThanhTruyen2,page_0016,6,5,肉,0.571,plurality
CacThanhTruyen2,page_0016,6,6,歌,0.706,plurality
CacThanhTruyen2,page_0016,6,7,浦,0.671,plurality
CacThanhTruyen2,page_0016,6,8,哭,0.828,plurality
CacThanhTruyen2,page_0016,6,9,六,0.559,plurality
CacThanhTruyen2,page_0016,6,10,屧,0.638,plurality
CacThanhTruyen2,page_0016,6,11,爲,0.614,plurality
CacThanhTruyen2,page_0016,6,12,志,0.707,plurality
CacThanhTruyen2,page_0016,6,13,特,0.706,plurality
CacThanhTruyen2,page_0016,6,14,福,0.609,plurality
CacThanhTruyen2,page_0016,6,15,召,0.563,plurality
CacThanhTruyen2,page_0016,6,16,折,0.589,plurality
CacThanhTruyen2,page_0016,6,17,爲,0.628,plurality
CacThanhTruyen2,page_0016,6,18,佑,0.599,plurality
CacThanhTruyen2,page_0016,6,19,主,0.667,plurality
CacThanhTruyen2,page_0016,6,20,支,0.673,plurality
CacThanhTruyen2,page_0016,6,21,秋,0.608,plurality
CacThanhTruyen2,page_0016,7,0,如,0.567,plurality
CacThanhTruyen2,page_0016,7,1,㝵,0.828,plurality
CacThanhTruyen2,page_0016,7,2,乇,0.578,plurality
CacThanhTruyen2,page_0016,7,3,给,0.699,plurality
CacThanhTruyen2,page_0016,7,4,特,0.600,plurality
CacThanhTruyen2,page_0016,7,5,聀,1.000,unanimous
CacThanhTruyen2,page_0016,7,6,重,0.546,plurality
CacThanhTruyen2,page_0016,7,7,奇,0.557,plurality
CacThanhTruyen2,page_0016,7,8,常,0.573,plurality
CacThanhTruyen2,page_0016,7,9,城,0.575,plurality
CacThanhTruyen2,page_0016,7,10,旦,0.706,plurality
CacThanhTruyen2,page_0016,7,11,𣱵,0.706,plurality
CacThanhTruyen2,page_0016,7,12,直,0.560,plurality
CacThanhTruyen2,page_0016,7,13,㝵,0.619,plurality
CacThanhTruyen2,page_0016,7,14,諶,0.708,plurality
CacThanhTruyen2,page_0016,7,15,昏,0.746,plurality
CacThanhTruyen2,page_0016,7,16,真,0.857,plurality
CacThanhTruyen2,page_0016,7,17,共,0.706,plurality
CacThanhTruyen2,page_0016,7,18,練,0.873,plurality
CacThanhTruyen2,page_0016,7,19,嚴,0.571,plurality
CacThanhTruyen2,page_0016,7,20,䓁,1.000,majority
CacThanhTruyen2,page_0016,7,21,㝵,0.750,plurality
CacThanhTruyen2,page_0016,8,0,敬,0.571,plurality
CacThanhTruyen2,page_0016,8,1,文,0.717,plurality
CacThanhTruyen2,page_0016,8,2,形,0.828,plurality
CacThanhTruyen2,page_0016,8,3,像,0.616,plurality
CacThanhTruyen2,page_0016,8,4,徳,0.681,plurality
CacThanhTruyen2,page_0016,8,5,主,0.828,plurality
CacThanhTruyen2,page_0016,8,6,支,0.613,plurality
CacThanhTruyen2,page_0016,8,7,秋,0.750,plurality
CacThanhTruyen2,page_0016,8,8,庄,0.607,plurality
CacThanhTruyen2,page_0016,8,9,仍,0.828,plurality
CacThanhTruyen2,page_0016,8,10,衣,0.706,plurality
CacThanhTruyen2,page_0016,8,11,誓,0.710,plurality
CacThanhTruyen2,page_0016,8,12,移,0.695,plurality
CacThanhTruyen2,page_0016,8,13,車,0.706,plurality
CacThanhTruyen2,page_0016,8,14,衣,0.713,plurality
CacThanhTruyen2,page_0016,8,15,兵,0.624,plurality
CacThanhTruyen2,page_0016,8,16,固,0.589,plurality
CacThanhTruyen2,page_0016,8,17,衣,0.706,plurality
CacThanhTruyen2,page_0016,8,18,誓,0.599,plurality
CacThanhTruyen2,page_0016,8,19,掇,0.627,plurality
CacThanhTruyen2,page_0016,8,20,君,0.828,plurality
CacThanhTruyen2,page_0016,8,21,車,0.740,plurality
CacThanhTruyen2,page_0016,8,22,恪,0.694,plurality
CacThanhTruyen2,page_0016,9,0,共,0.828,plurality
CacThanhTruyen2,page_0016,9,1,旦,0.706,plurality
CacThanhTruyen2,page_0016,9,2,明,0.750,plurality
CacThanhTruyen2,page_0016,9,3,㝵,0.602,plurality
CacThanhTruyen2,page_0016,9,4,原,0.617,plurality
CacThanhTruyen2,page_0016,9,5,体,0.595,plurality
CacThanhTruyen2,page_0016,9,6,本,0.828,plurality
CacThanhTruyen2,page_0016,9,7,遁,0.571,plurality
CacThanhTruyen2,page_0016,9,8,哭,0.617,plurality
CacThanhTruyen2,page_0016,9,9,云,0.706,plurality
CacThanhTruyen2,page_0016,9,10,壽,0.828,plurality
CacThanhTruyen2,page_0016,9,11,唄,0.706,plurality
CacThanhTruyen2,page_0016,9,12,浪,0.828,plurality
CacThanhTruyen2,page_0016,9,13,各,0.626,plurality
CacThanhTruyen2,page_0016,9,14,異,0.828,plurality
CacThanhTruyen2,page_0016,9,15,崦,0.706,plurality
CacThanhTruyen2,page_0016,9,16,求,0.706,plurality
CacThanhTruyen2,page_0016,9,17,共,0.707,plurality
CacThanhTruyen2,page_0016,9,18,銜,0.710,plurality
CacThanhTruyen2,page_0016,9,19,主,0.706,plurality
CacThanhTruyen2,page_0016,9,20,吞,0.596,plurality
CacThanhTruyen2,page_0016,9,21,朱,0.706,plurality
CacThanhTruyen2,page_0016,9,22,某,0.715,plurality
CacThanhTruyen2,page_0018,1,0,汴,0.805,plurality
CacThanhTruyen2,page_0018,1,1,獅,0.872,plurality
CacThanhTruyen2,page_0018,1,2,子,0.662,plurality
CacThanhTruyen2,page_0018,1,3,朱,0.577,plurality
CacThanhTruyen2,page_0018,1,4,衆,0.750,plurality
CacThanhTruyen2,page_0018,1,5,矯,0.574,plurality
CacThanhTruyen2,page_0018,1,6,奴,0.593,plurality
CacThanhTruyen2,page_0018,1,7,赦,0.554,plurality
CacThanhTruyen2,page_0018,1,8,如,0.591,plurality
CacThanhTruyen2,page_0018,1,9,僥,0.632,plurality
CacThanhTruyen2,page_0018,1,10,吞,0.706,plurality
CacThanhTruyen2,page_0018,1,11,赦,0.698,plurality
CacThanhTruyen2,page_0018,1,12,几,0.552,plurality
CacThanhTruyen2,page_0018,1,13,惚,0.581,plurality
CacThanhTruyen2,page_0018,1,14,庄,0.598,plurality
CacThanhTruyen2,page_0018,1,15,懷,0.546,plurality
CacThanhTruyen2,page_0018,1,16,吏,0.706,plurality
CacThanhTruyen2,page_0018,1,17,曰,0.571,plurality
CacThanhTruyen2,page_0018,1,18,書,0.619,plurality
CacThanhTruyen2,page_0018,1,19,宋,0.572,plurality
CacThanhTruyen2,page_0018,1,20,本,0.750,plurality
CacThanhTruyen2,page_0018,1,21,道,0.828,plurality
CacThanhTruyen2,page_0018,2,0,於,0.857,plurality
CacThanhTruyen2,page_0018,2,1,城,0.738,plurality
CacThanhTruyen2,page_0018,2,2,署,0.580,plurality
CacThanhTruyen2,page_0018,2,3,瑪,0.750,plurality
CacThanhTruyen2,page_0018,2,4,浪,0.596,plurality
CacThanhTruyen2,page_0018,2,5,砰,0.582,plurality
CacThanhTruyen2,page_0018,2,6,罡,0.564,plurality
CacThanhTruyen2,page_0018,2,7,花,0.738,plurality
CacThanhTruyen2,page_0018,2,8,那,0.828,plurality
CacThanhTruyen2,page_0018,2,9,握,0.761,plurality
CacThanhTruyen2,page_0018,2,10,故,0.679,plurality
CacThanhTruyen2,page_0018,2,11,夜,0.839,plurality
CacThanhTruyen2,page_0018,2,12,探,0.706,plurality
CacThanhTruyen2,page_0018,2,13,本,0.783,plurality
CacThanhTruyen2,page_0018,2,14,道,0.571,plurality
CacThanhTruyen2,page_0018,2,15,於,0.706,plurality
CacThanhTruyen2,page_0018,2,16,城,0.600,plurality
CacThanhTruyen2,page_0018,2,17,晋,0.828,plurality
CacThanhTruyen2,page_0018,2,18,瑪,0.716,plurality
CacThanhTruyen2,page_0018,2,19,碎,0.750,plurality
CacThanhTruyen2,page_0018,2,20,乇,0.587,plurality
CacThanhTruyen2,page_0018,3,0,書,0.709,plurality
CacThanhTruyen2,page_0018,3,1,改,0.569,plurality
CacThanhTruyen2,page_0018,3,2,來,0.855,plurality
CacThanhTruyen2,page_0018,3,3,谷,0.604,plurality
CacThanhTruyen2,page_0018,3,4,每,0.683,plurality
CacThanhTruyen2,page_0018,3,5,君,0.582,plurality
CacThanhTruyen2,page_0018,3,6,餘,0.708,plurality
CacThanhTruyen2,page_0018,3,7,朱,0.616,plurality
CacThanhTruyen2,page_0018,3,8,天,0.706,plurality
CacThanhTruyen2,page_0018,3,9,下,0.556,plurality
CacThanhTruyen2,page_0018,3,10,别,0.706,plurality
CacThanhTruyen2,page_0018,3,11,碎,0.620,plurality
CacThanhTruyen2,page_0018,3,12,約,0.608,plurality
CacThanhTruyen2,page_0018,3,13,㓜,0.680,plurality
CacThanhTruyen2,page_0018,3,14,召,0.706,plurality
CacThanhTruyen2,page_0018,3,15,折,0.828,plurality
CacThanhTruyen2,page_0018,3,16,爲,0.750,plurality
CacThanhTruyen2,page_0018,3,17,防,0.706,plurality
CacThanhTruyen2,page_0018,3,18,主,0.559,plurality
CacThanhTruyen2,page_0018,3,19,克,0.706,plurality
CacThanhTruyen2,page_0018,3,20,秋,0.608,plurality
CacThanhTruyen2,page_0018,3,21,群,0.637,plurality
CacThanhTruyen2,page_0018,4,0,曳,0.685,plurality
CacThanhTruyen2,page_0018,4,1,仍,0.622,plurality
CacThanhTruyen2,page_0018,4,2,本,0.706,plurality
CacThanhTruyen2,page_0018,4,3,道,0.562,plurality
CacThanhTruyen2,page_0018,4,4,署,0.564,plurality
CacThanhTruyen2,page_0018,4,5,瑪,0.750,plurality
CacThanhTruyen2,page_0018,4,6,固,0.717,plurality
CacThanhTruyen2,page_0018,4,7,限,0.853,plurality
CacThanhTruyen2,page_0018,4,8,庄,0.549,plurality
CacThanhTruyen2,page_0018,4,9,㔻,0.574,plurality
CacThanhTruyen2,page_0018,4,10,嗔,0.611,plurality
CacThanhTruyen2,page_0018,4,11,渚,0.623,plurality
CacThanhTruyen2,page_0018,4,12,傷,0.751,plurality
CacThanhTruyen2,page_0018,4,13,𡖋,0.819,plurality
CacThanhTruyen2,page_0018,4,14,文,0.594,plurality
CacThanhTruyen2,page_0018,4,15,矯,0.596,plurality
CacThanhTruyen2,page_0018,4,16,白,0.596,plurality
CacThanhTruyen2,page_0018,4,17,害,0.706,plurality
CacThanhTruyen2,page_0018,4,18,碎,0.571,plurality
CacThanhTruyen2,page_0018,4,19,矣,0.549,plurality
CacThanhTruyen2,page_0018,4,20,朱,0.706,plurality
CacThanhTruyen2,page_0018,4,21,獅,0.670,plurality
CacThanhTruyen2,page_0018,5,0,寸,0.706,plurality
CacThanhTruyen2,page_0018,5,1,俊,0.682,plurality
CacThanhTruyen2,page_0018,5,2,𠇭,1.000,majority
CacThanhTruyen2,page_0018,5,3,碎,0.765,plurality
CacThanhTruyen2,page_0018,5,4,罡,0.709,plurality
CacThanhTruyen2,page_0018,5,5,朱,0.571,plurality
CacThanhTruyen2,page_0018,5,6,時,0.606,plurality
CacThanhTruyen2,page_0018,5,7,旦,0.587,plurality
CacThanhTruyen2,page_0018,5,8,兵,0.670,plurality
CacThanhTruyen2,page_0018,5,9,徳,0.828,plurality
CacThanhTruyen2,page_0018,5,10,主,0.600,plurality
CacThanhTruyen2,page_0018,5,11,立,0.706,plurality
CacThanhTruyen2,page_0018,5,12,秋,0.848,plurality
CacThanhTruyen2,page_0018,5,13,麻,0.571,plurality
CacThanhTruyen2,page_0018,5,14,陼,0.804,plurality
CacThanhTruyen2,page_0018,5,15,碎,0.712,plurality
CacThanhTruyen2,page_0018,5,16,如,0.667,plurality
CacThanhTruyen2,page_0018,5,17,乾,0.690,plurality
CacThanhTruyen2,page_0018,5,18,去,0.692,plurality
CacThanhTruyen2,page_0018,5,19,寺,0.601,plurality
CacThanhTruyen2,page_0018,5,20,隄,0.644,plurality
CacThanhTruyen2,page_0018,5,21,朱,0.580,plurality
CacThanhTruyen2,page_0018,5,22,原,0.690,plurality
CacThanhTruyen2,page_0018,6,0,十,1.000,unanimous
CacThanhTruyen2,page_0018,6,1,俊,0.684,plurality
CacThanhTruyen2,page_0018,6,2,罡,0.750,plurality
CacThanhTruyen2,page_0018,6,3,如,0.626,plurality
CacThanhTruyen2,page_0018,6,4,兔,0.706,plurality
CacThanhTruyen2,page_0018,6,5,紇,0.706,plurality
CacThanhTruyen2,page_0018,6,6,秩,0.761,plurality
CacThanhTruyen2,page_0018,6,7,麻,0.750,plurality
CacThanhTruyen2,page_0018,6,8,白,0.706,plurality
CacThanhTruyen2,page_0018,6,9,勃,0.787,plurality
CacThanhTruyen2,page_0018,6,10,朱,0.613,plurality
CacThanhTruyen2,page_0018,6,11,年,0.546,plurality
CacThanhTruyen2,page_0018,6,12,迸,0.750,plurality
CacThanhTruyen2,page_0018,6,13,寧,0.574,plurality
CacThanhTruyen2,page_0018,6,14,黤,0.571,plurality
CacThanhTruyen2,page_0018,6,15,栖,0.818,plurality
CacThanhTruyen2,page_0018,6,16,徳,0.706,plurality
CacThanhTruyen2,page_0018,6,17,王,0.707,plurality
CacThanhTruyen2,page_0018,6,18,支,0.601,plurality
CacThanhTruyen2,page_0018,6,19,耿,0.637,plurality
CacThanhTruyen2,page_0018,6,20,理,0.691,plurality
CacThanhTruyen2,page_0018,6,21,時,0.564,plurality
CacThanhTruyen2,page_0018,7,0,本,0.574,plurality
CacThanhTruyen2,page_0018,7,1,道,0.617,plurality
CacThanhTruyen2,page_0018,7,2,迎,0.695,plurality
CacThanhTruyen2,page_0018,7,3,如,0.705,plurality
CacThanhTruyen2,page_0018,7,4,摩,0.825,plurality
CacThanhTruyen2,page_0018,7,5,碎,0.808,plurality
CacThanhTruyen2,page_0018,7,6,趣,0.554,plurality
CacThanhTruyen2,page_0018,7,7,胖,0.629,plurality
CacThanhTruyen2,page_0018,7,8,寺,0.588,plurality
CacThanhTruyen2,page_0018,7,9,首,0.706,plurality
CacThanhTruyen2,page_0018,7,10,年,0.547,plurality
CacThanhTruyen2,page_0018,7,11,兹,0.750,plurality
CacThanhTruyen2,page_0018,7,12,四,0.587,plurality
CacThanhTruyen2,page_0018,7,13,増,0.594,plurality
CacThanhTruyen2,page_0018,7,14,徳,0.614,plurality
CacThanhTruyen2,page_0018,7,15,主,0.571,plurality
CacThanhTruyen2,page_0018,7,16,吉,0.650,plurality
CacThanhTruyen2,page_0018,7,17,秋,0.606,plurality
CacThanhTruyen2,page_0018,7,18,自,0.727,plurality
CacThanhTruyen2,page_0018,7,19,時,0.706,plurality
CacThanhTruyen2,page_0018,7,20,扒,0.593,plurality
CacThanhTruyen2,page_0018,7,21,婦,0.707,plurality
CacThanhTruyen2,page_0018,8,0,朱,0.679,plurality
CacThanhTruyen2,page_0018,8,1,旦,0.561,plurality
CacThanhTruyen2,page_0018,8,2,罽,0.571,plurality
CacThanhTruyen2,page_0018,8,3,庄,0.706,plurality
CacThanhTruyen2,page_0018,8,4,羣,0.706,plurality
CacThanhTruyen2,page_0018,8,5,約,0.753,plurality
CacThanhTruyen2,page_0018,8,6,㓜,0.580,plurality
CacThanhTruyen2,page_0018,8,7,事,0.750,plurality
CacThanhTruyen2,page_0018,8,8,用,0.828,plurality
CacThanhTruyen2,page_0018,8,9,帯,0.742,plurality
CacThanhTruyen2,page_0018,8,10,世,0.707,plurality
CacThanhTruyen2,page_0018,8,11,間,0.706,plurality
CacThanhTruyen2,page_0018,8,12,女,0.706,plurality
CacThanhTruyen2,page_0018,8,13,自,0.582,plurality
CacThanhTruyen2,page_0018,8,14,房,0.710,plurality
CacThanhTruyen2,page_0018,8,15,擁,0.706,plurality
CacThanhTruyen2,page_0018,8,16,移,0.575,plurality
CacThanhTruyen2,page_0018,8,17,何,0.555,plurality
CacThanhTruyen2,page_0018,8,18,朱,0.706,plurality
CacThanhTruyen2,page_0018,8,19,旦,0.706,plurality
CacThanhTruyen2,page_0018,8,20,渃,0.587,plurality
CacThanhTruyen2,page_0018,8,21,署,0.572,plurality
CacThanhTruyen2,page_0018,8,22,瑪,0.654,plurality
CacThanhTruyen2,page_0018,9,0,砰,0.748,plurality
CacThanhTruyen2,page_0018,9,1,仍,0.828,plurality
CacThanhTruyen2,page_0018,9,2,於,0.857,plurality
CacThanhTruyen2,page_0018,9,3,舟,0.750,plurality
CacThanhTruyen2,page_0018,9,4,艨,0.673,plurality
CacThanhTruyen2,page_0018,9,5,与,0.717,plurality
CacThanhTruyen2,page_0018,9,6,連,0.793,plurality
CacThanhTruyen2,page_0018,9,7,坦,0.710,plurality
CacThanhTruyen2,page_0018,9,8,共,0.608,plurality
CacThanhTruyen2,page_0018,9,9,外,0.646,plurality
CacThanhTruyen2,page_0018,9,10,渡,0.710,plurality
CacThanhTruyen2,page_0018,9,11,庇,0.695,plurality
CacThanhTruyen2,page_0018,9,12,時,0.686,plurality
CacThanhTruyen2,page_0018,9,13,於,0.575,plurality
CacThanhTruyen2,page_0018,9,14,中,0.706,plurality
CacThanhTruyen2,page_0018,9,15,迈,1.000,majority
CacThanhTruyen2,page_0018,9,16,獅,0.743,plurality
CacThanhTruyen2,page_0018,9,17,子,0.772,plurality
CacThanhTruyen2,page_0018,9,18,民,0.582,plurality
CacThanhTruyen2,page_0018,9,19,近,0.828,plurality
CacThanhTruyen2,page_0018,9,20,各,0.571,plurality
CacThanhTruyen2,page_0018,9,21,官,0.633,plurality
CacThanhTruyen2,page_0018,9,22,佇,0.706,plurality
CacThanhTruyen2,page_0020,1,0,碎,0.697,plurality
CacThanhTruyen2,page_0020,1,1,奴,0.767,plurality
CacThanhTruyen2,page_0020,1,2,𬼘,0.798,plurality
CacThanhTruyen2,page_0020,1,3,凜,0.706,plurality
CacThanhTruyen2,page_0020,1,4,強,0.706,plurality
CacThanhTruyen2,page_0020,1,5,白,0.566,plurality
CacThanhTruyen2,page_0020,1,6,伶,0.828,plurality
CacThanhTruyen2,page_0020,1,7,朱,0.828,plurality
CacThanhTruyen2,page_0020,1,8,寺,0.741,plurality
CacThanhTruyen2,page_0020,1,9,奴,0.730,plurality
CacThanhTruyen2,page_0020,1,10,強,0.685,plurality
CacThanhTruyen2,page_0020,1,11,噀,0.556,plurality
CacThanhTruyen2,page_0020,1,12,其,0.595,plurality
CacThanhTruyen2,page_0020,1,13,𣵀,0.828,plurality
CacThanhTruyen2,page_0020,1,14,丑,0.571,plurality
CacThanhTruyen2,page_0020,1,15,奴,0.828,plurality
CacThanhTruyen2,page_0020,1,16,寺,0.589,plurality
CacThanhTruyen2,page_0020,1,17,哦,0.706,plurality
CacThanhTruyen2,page_0020,1,18,壮,0.828,plurality
CacThanhTruyen2,page_0020,1,19,碎,0.570,plurality
CacThanhTruyen2,page_0020,1,20,仍,0.573,plurality
CacThanhTruyen2,page_0020,1,21,麻,0.714,plurality
CacThanhTruyen2,page_0020,2,0,並,0.706,plurality
CacThanhTruyen2,page_0020,2,1,碎,0.857,plurality
CacThanhTruyen2,page_0020,2,2,共,0.551,plurality
CacThanhTruyen2,page_0020,2,3,奴,0.750,plurality
CacThanhTruyen2,page_0020,2,4,詩,0.692,plurality
CacThanhTruyen2,page_0020,2,5,按,0.750,plurality
CacThanhTruyen2,page_0020,2,6,庄,0.593,plurality
CacThanhTruyen2,page_0020,2,7,敢,0.571,plurality
CacThanhTruyen2,page_0020,2,8,㸔,0.613,plurality
CacThanhTruyen2,page_0020,2,9,𠇭,0.712,plurality
CacThanhTruyen2,page_0020,2,10,如,1.000,majority
CacThanhTruyen2,page_0020,2,11,证,0.574,plurality
CacThanhTruyen2,page_0020,2,12,罪,0.783,plurality
CacThanhTruyen2,page_0020,2,13,𫥢,1.000,majority
CacThanhTruyen2,page_0020,2,14,事,0.589,plurality
CacThanhTruyen2,page_0020,2,15,碎,0.707,plurality
CacThanhTruyen2,page_0020,2,16,約,0.707,plurality
CacThanhTruyen2,page_0020,2,17,𭃡,0.578,plurality
CacThanhTruyen2,page_0020,2,18,要,0.587,plurality
CacThanhTruyen2,page_0020,2,19,体,0.656,plurality
CacThanhTruyen2,page_0020,3,0,獅,0.750,plurality
CacThanhTruyen2,page_0020,3,1,每,0.578,plurality
CacThanhTruyen2,page_0020,3,2,㐌,0.690,plurality
CacThanhTruyen2,page_0020,3,3,產,0.601,plurality
CacThanhTruyen2,page_0020,3,4,朱,0.738,plurality
CacThanhTruyen2,page_0020,3,5,特,0.571,plurality
CacThanhTruyen2,page_0020,3,6,沛,0.828,plurality
CacThanhTruyen2,page_0020,3,7,擇,0.637,plurality
CacThanhTruyen2,page_0020,3,8,共,0.733,plurality
CacThanhTruyen2,page_0020,3,9,獰,0.706,plurality
CacThanhTruyen2,page_0020,3,10,奴,1.000,majority
CacThanhTruyen2,page_0020,3,11,渚,0.827,plurality
CacThanhTruyen2,page_0020,3,12,文,0.706,plurality
CacThanhTruyen2,page_0020,3,13,奴,1.000,unanimous
CacThanhTruyen2,page_0020,3,14,眼,0.750,plurality
CacThanhTruyen2,page_0020,3,15,折,0.707,plurality
CacThanhTruyen2,page_0020,3,16,共,0.612,plurality
CacThanhTruyen2,page_0020,3,17,啐,0.706,plurality
CacThanhTruyen2,page_0020,3,18,碎,0.763,plurality
CacThanhTruyen2,page_0020,3,19,色,0.571,plurality
CacThanhTruyen2,page_0020,4,0,碎,0.574,plurality
CacThanhTruyen2,page_0020,4,1,庄,0.706,plurality
CacThanhTruyen2,page_0020,4,2,夭,0.706,plurality
CacThanhTruyen2,page_0020,4,3,奴,0.563,plurality
CacThanhTruyen2,page_0020,4,4,赦,0.705,plurality
CacThanhTruyen2,page_0020,4,5,碎,0.718,plurality
CacThanhTruyen2,page_0020,4,6,如,0.570,plurality
CacThanhTruyen2,page_0020,4,7,赦,0.857,plurality
CacThanhTruyen2,page_0020,4,8,僥,0.706,plurality
CacThanhTruyen2,page_0020,4,9,㝵,0.607,plurality
CacThanhTruyen2,page_0020,4,10,𭃡,0.672,plurality
CacThanhTruyen2,page_0020,4,11,尼,0.799,plurality
CacThanhTruyen2,page_0020,4,12,戎,0.706,plurality
CacThanhTruyen2,page_0020,4,13,平,0.828,plurality
CacThanhTruyen2,page_0020,4,14,奴,0.750,plurality
CacThanhTruyen2,page_0020,4,15,庄,0.584,plurality
CacThanhTruyen2,page_0020,4,16,艮,0.750,plurality
CacThanhTruyen2,page_0020,4,17,寺,0.592,plurality
CacThanhTruyen2,page_0020,4,18,碎,0.821,plurality
CacThanhTruyen2,page_0020,4,19,桀,0.836,plurality
CacThanhTruyen2,page_0020,4,20,尋,0.571,plurality
CacThanhTruyen2,page_0020,5,0,麻,0.605,plurality
CacThanhTruyen2,page_0020,5,1,逐,0.706,plurality
CacThanhTruyen2,page_0020,5,2,如,0.573,plurality
CacThanhTruyen2,page_0020,5,3,眼,0.709,plurality
CacThanhTruyen2,page_0020,5,4,要,0.600,plurality
CacThanhTruyen2,page_0020,5,5,婉,0.667,plurality
CacThanhTruyen2,page_0020,5,6,直,0.605,plurality
CacThanhTruyen2,page_0020,5,7,呐,0.587,plurality
CacThanhTruyen2,page_0020,5,8,而,0.593,plurality
CacThanhTruyen2,page_0020,5,9,石,0.558,plurality
CacThanhTruyen2,page_0020,5,10,渚,0.828,plurality
CacThanhTruyen2,page_0020,5,11,青,0.706,plurality
CacThanhTruyen2,page_0020,5,12,碎,0.750,plurality
CacThanhTruyen2,page_0020,5,13,而,0.658,plurality
CacThanhTruyen2,page_0020,5,14,之,0.594,plurality
CacThanhTruyen2,page_0020,5,15,碎,0.580,plurality
CacThanhTruyen2,page_0020,5,16,别,0.751,plurality
CacThanhTruyen2,page_0020,5,17,意,0.557,plurality
CacThanhTruyen2,page_0020,5,18,調,0.611,plurality
CacThanhTruyen2,page_0020,5,19,化,0.594,plurality
CacThanhTruyen2,page_0020,5,20,碎,0.564,plurality
CacThanhTruyen2,page_0020,6,0,㸔,0.583,plurality
CacThanhTruyen2,page_0020,6,1,時,0.706,plurality
CacThanhTruyen2,page_0020,6,2,而,0.712,plurality
CacThanhTruyen2,page_0020,6,3,苔,0.706,plurality
CacThanhTruyen2,page_0020,6,4,四,0.571,plurality
CacThanhTruyen2,page_0020,6,5,徳,0.706,plurality
CacThanhTruyen2,page_0020,6,6,主,0.828,plurality
CacThanhTruyen2,page_0020,6,7,支,0.828,plurality
CacThanhTruyen2,page_0020,6,8,秋,0.581,plurality
CacThanhTruyen2,page_0020,6,9,每,0.706,plurality
CacThanhTruyen2,page_0020,6,10,事,0.585,plurality
CacThanhTruyen2,page_0020,6,11,世,0.556,plurality
CacThanhTruyen2,page_0020,6,12,間,0.593,plurality
CacThanhTruyen2,page_0020,6,13,碎,0.727,plurality
CacThanhTruyen2,page_0020,6,14,祜,0.828,plurality
CacThanhTruyen2,page_0020,6,15,如,0.573,plurality
CacThanhTruyen2,page_0020,6,16,丐,0.583,plurality
CacThanhTruyen2,page_0020,6,17,祚,0.706,plurality
CacThanhTruyen2,page_0020,6,18,茂,0.828,plurality
CacThanhTruyen2,page_0020,6,19,夭,0.549,plurality
CacThanhTruyen2,page_0020,7,0,包,0.828,plurality
CacThanhTruyen2,page_0020,7,1,翹,0.774,plurality
CacThanhTruyen2,page_0020,7,2,翹,0.604,plurality
CacThanhTruyen2,page_0020,7,3,徳,0.750,plurality
CacThanhTruyen2,page_0020,7,4,主,0.675,plurality
CacThanhTruyen2,page_0020,7,5,直,0.637,plurality
CacThanhTruyen2,page_0020,7,6,杖,0.742,plurality
CacThanhTruyen2,page_0020,7,7,麻,0.853,plurality
CacThanhTruyen2,page_0020,7,8,淐,0.750,plurality
CacThanhTruyen2,page_0020,7,9,油,0.628,plurality
CacThanhTruyen2,page_0020,7,10,麻,0.644,plurality
CacThanhTruyen2,page_0020,7,11,炤,0.697,plurality
CacThanhTruyen2,page_0020,7,12,柟,0.571,plurality
CacThanhTruyen2,page_0020,7,13,共,0.583,plurality
CacThanhTruyen2,page_0020,7,14,艨,0.854,plurality
CacThanhTruyen2,page_0020,7,15,其,0.597,plurality
CacThanhTruyen2,page_0020,7,16,侈,0.757,plurality
CacThanhTruyen2,page_0020,7,17,命,0.857,plurality
CacThanhTruyen2,page_0020,7,18,蟄,0.759,plurality
CacThanhTruyen2,page_0020,7,19,昌,0.681,plurality
CacThanhTruyen2,page_0020,7,20,哩,1.000,majority
CacThanhTruyen2,page_0020,8,0,打,0.601,plurality
CacThanhTruyen2,page_0020,8,1,折,0.713,plurality
CacThanhTruyen2,page_0020,8,2,共,0.611,plurality
CacThanhTruyen2,page_0020,8,3,每,0.706,plurality
CacThanhTruyen2,page_0020,8,4,事,0.692,plurality
CacThanhTruyen2,page_0020,8,5,与,0.706,plurality
CacThanhTruyen2,page_0020,8,6,魔,1.000,majority
CacThanhTruyen2,page_0020,8,7,鬼,0.617,plurality
CacThanhTruyen2,page_0020,8,8,側,0.604,plurality
CacThanhTruyen2,page_0020,8,9,逹,0.573,plurality
CacThanhTruyen2,page_0020,8,10,碎,0.610,plurality
CacThanhTruyen2,page_0020,8,11,兵,0.750,plurality
CacThanhTruyen2,page_0020,8,12,庄,0.706,plurality
CacThanhTruyen2,page_0020,8,13,曵,0.706,plurality
CacThanhTruyen2,page_0020,8,14,碎,0.571,plurality
CacThanhTruyen2,page_0020,8,15,嗔,0.739,plurality
CacThanhTruyen2,page_0020,8,16,事,0.828,plurality
CacThanhTruyen2,page_0020,8,17,庫,0.706,plurality
CacThanhTruyen2,page_0020,8,18,氏,0.749,plurality
CacThanhTruyen2,page_0020,8,19,曰,0.706,plurality
CacThanhTruyen2,page_0020,8,20,異,0.571,plurality
CacThanhTruyen2,page_0020,9,0,碎,0.783,plurality
CacThanhTruyen2,page_0020,9,1,朱,0.828,plurality
CacThanhTruyen2,page_0020,9,2,特,0.604,plurality
CacThanhTruyen2,page_0020,9,3,而,0.593,plurality
CacThanhTruyen2,page_0020,9,4,茂,0.706,plurality
CacThanhTruyen2,page_0020,9,5,兵,0.706,plurality
CacThanhTruyen2,page_0020,9,6,徳,0.605,plurality
CacThanhTruyen2,page_0020,9,7,主,0.706,plurality
CacThanhTruyen2,page_0020,9,8,支,0.571,plurality
CacThanhTruyen2,page_0020,9,9,秋,0.707,plurality
CacThanhTruyen2,page_0020,9,10,弄,0.600,plurality
CacThanhTruyen2,page_0020,9,11,碎,0.715,plurality
CacThanhTruyen2,page_0020,9,12,庄,0.642,plurality
CacThanhTruyen2,page_0020,9,13,夭,0.585,plurality
CacThanhTruyen2,page_0020,9,14,事,0.706,plurality
CacThanhTruyen2,page_0020,9,15,之,0.628,plurality
CacThanhTruyen2,page_0020,9,16,煒,0.828,plurality
CacThanhTruyen2,page_0020,9,17,茂,0.706,plurality
CacThanhTruyen2,page_0020,9,18,重,0.571,plurality
CacThanhTruyen2,page_0020,9,19,召,0.571,plurality
CacThanhTruyen2,page_0020,9,20,折,0.828,plurality
