page,column,syllable,nom_char,unicode,matched,tier,ocr_char,bbox,crop_file
page_0010,1,THÁNG,倘,U+5018,True,1,倘,"[1171, 319, 1302, 431]",crops/page_0010/col01_char000.png
page_0010,1,MƯỜI,邁,U+9081,True,1,邁,"[1171, 431, 1302, 543]",crops/page_0010/col01_char001.png
page_0010,1,MỘT,𤴡,U+24D21,True,3,夢,"[1171, 543, 1302, 656]",crops/page_0010/col01_char002.png
page_0010,1,Có,同,U+540C,True,1,同,"[1171, 656, 1302, 768]",crops/page_0010/col01_char003.png
page_0010,1,Ba,巴,U+5DF4,True,1,巴,"[1171, 768, 1302, 881]",crops/page_0010/col01_char004.png
page_0010,1,mươi,邁,U+9081,True,1,邁,"[1171, 881, 1302, 993]",crops/page_0010/col01_char005.png
page_0010,1,ngày,𬏝,U+2C3DD,True,3,𦜉,"[1171, 993, 1302, 1106]",crops/page_0010/col01_char006.png
page_0010,2,MỒNG,夢,U+5922,True,1,夢,"[1047, 54, 1147, 145]",crops/page_0010/col02_char000.png
page_0010,2,MỘT,蔑,U+8511,True,1,蔑,"[1047, 145, 1147, 236]",crops/page_0010/col02_char001.png
page_0010,2,Lễ,礼,U+793C,True,1,礼,"[1047, 236, 1147, 327]",crops/page_0010/col02_char002.png
page_0010,2,Các,各,U+5404,True,1,各,"[1047, 327, 1147, 419]",crops/page_0010/col02_char003.png
page_0010,2,Thánh,垩,U+57A9,True,1,垩,"[1047, 419, 1147, 510]",crops/page_0010/col02_char004.png
page_0010,2,Hôm,󰟭,U+F07ED,True,3,𣣱,"[1047, 510, 1147, 601]",crops/page_0010/col02_char005.png
page_0010,2,nay,尼,U+5C3C,True,1,尼,"[1047, 601, 1147, 693]",crops/page_0010/col02_char006.png
page_0010,2,I,,,False,0,衣,"[1047, 693, 1147, 784]",crops/page_0010/col02_char007.png
page_0010,2,ghê,𥰇,U+25C07,True,3,計,"[1047, 784, 1147, 875]",crops/page_0010/col02_char008.png
page_0010,2,rê,𪏭,U+2A3ED,True,3,移,"[1047, 875, 1147, 966]",crops/page_0010/col02_char009.png
page_0010,2,gia,加,U+52A0,True,1,加,"[1047, 966, 1147, 1058]",crops/page_0010/col02_char010.png
page_0010,2,làm,𣩂,U+23A42,True,3,勺,"[1047, 1058, 1147, 1149]",crops/page_0010/col02_char011.png
page_0010,2,lễ,礼,U+793C,True,1,礼,"[1047, 1149, 1147, 1240]",crops/page_0010/col02_char012.png
page_0010,2,mừng,明,U+660E,True,1,明,"[1047, 1240, 1147, 1332]",crops/page_0010/col02_char013.png
page_0010,2,các,各,U+5404,True,1,各,"[1047, 1332, 1147, 1423]",crops/page_0010/col02_char014.png
page_0010,2,Thánh,垩,U+57A9,True,1,垩,"[1047, 1423, 1147, 1514]",crops/page_0010/col02_char015.png
page_0010,2,được,特,U+7279,True,1,特,"[1047, 1514, 1147, 1605]",crops/page_0010/col02_char016.png
page_0010,2,phúc,福,U+798F,True,1,福,"[1047, 1605, 1147, 1697]",crops/page_0010/col02_char017.png
page_0010,2,cực,極,U+6975,True,1,極,"[1047, 1697, 1147, 1788]",crops/page_0010/col02_char018.png
page_0010,2,trọng,重,U+91CD,True,1,重,"[1047, 1788, 1147, 1879]",crops/page_0010/col02_char019.png
page_0010,2,là,𬗢,U+2C5E2,True,3,䍐,"[1047, 1879, 1147, 1971]",crops/page_0010/col02_char020.png
page_0010,3,thấy,体,U+4F53,True,1,体,"[892, 54, 1005, 150]",crops/page_0010/col03_char000.png
page_0010,3,Đức,徳,U+5FB3,True,3,短,"[892, 150, 1005, 246]",crops/page_0010/col03_char001.png
page_0010,3,Chúa,主,U+4E3B,True,1,主,"[892, 246, 1005, 342]",crops/page_0010/col03_char002.png
page_0010,3,Trời,禿,U+79BF,True,3,丞,"[892, 342, 1005, 439]",crops/page_0010/col03_char003.png
page_0010,3,tỏ,𤉜,U+2425C,True,3,旂,"[892, 439, 1005, 535]",crops/page_0010/col03_char004.png
page_0010,3,tường,詳,U+8A73,True,1,詳,"[892, 535, 1005, 631]",crops/page_0010/col03_char005.png
page_0010,3,đời,代,U+4EE3,True,1,代,"[892, 631, 1005, 728]",crops/page_0010/col03_char006.png
page_0010,3,đời,匀,U+5300,True,3,之,"[892, 728, 1005, 824]",crops/page_0010/col03_char007.png
page_0010,3,Một,蔑,U+8511,True,1,蔑,"[892, 824, 1005, 920]",crops/page_0010/col03_char008.png
page_0010,3,sự,事,U+4E8B,True,1,事,"[892, 920, 1005, 1017]",crops/page_0010/col03_char009.png
page_0010,3,làm,𣩂,U+23A42,True,3,而,"[892, 1017, 1005, 1113]",crops/page_0010/col03_char010.png
page_0010,3,cho,朱,U+6731,True,1,朱,"[892, 1113, 1005, 1209]",crops/page_0010/col03_char011.png
page_0010,3,trọn,󱭸,U+F1B78,True,3,扁,"[892, 1209, 1005, 1305]",crops/page_0010/col03_char012.png
page_0010,3,vui,盃,U+76C3,True,1,盃,"[892, 1305, 1005, 1402]",crops/page_0010/col03_char013.png
page_0010,3,trọn,稨,U+7A28,True,3,扁,"[892, 1402, 1005, 1498]",crops/page_0010/col03_char014.png
page_0010,3,lành,冷,U+51B7,True,1,冷,"[892, 1498, 1005, 1594]",crops/page_0010/col03_char015.png
page_0010,3,Đức,𧘚,U+2761A,True,3,行,"[892, 1594, 1005, 1691]",crops/page_0010/col03_char016.png
page_0010,3,Chúa,主,U+4E3B,True,1,主,"[892, 1691, 1005, 1787]",crops/page_0010/col03_char017.png
page_0010,3,Trời,禿,U+79BF,True,3,丞,"[892, 1787, 1005, 1883]",crops/page_0010/col03_char018.png
page_0010,3,là,𬗢,U+2C5E2,True,3,𮊁,"[892, 1883, 1005, 1980]",crops/page_0010/col03_char019.png
page_0010,4,mạch,脉,U+8109,True,1,脉,"[757, 59, 857, 150]",crops/page_0010/col04_char000.png
page_0010,4,mọi,每,U+6BCF,True,1,每,"[757, 150, 857, 242]",crops/page_0010/col04_char001.png
page_0010,4,sự,事,U+4E8B,True,1,事,"[757, 242, 857, 334]",crops/page_0010/col04_char002.png
page_0010,4,thịnh,盛,U+76DB,True,1,盛,"[757, 334, 857, 426]",crops/page_0010/col04_char003.png
page_0010,4,ông,翁,U+7FC1,True,1,翁,"[757, 426, 857, 518]",crops/page_0010/col04_char004.png
page_0010,4,Thánh,垩,U+57A9,True,1,垩,"[757, 518, 857, 610]",crops/page_0010/col04_char005.png
page_0010,4,Pha,葩,U+8469,True,1,葩,"[757, 610, 857, 702]",crops/page_0010/col04_char006.png
page_0010,4,pha,匀,U+5300,True,3,之,"[757, 702, 857, 793]",crops/page_0010/col04_char007.png
page_0010,4,Bô,哺,U+54FA,True,1,哺,"[757, 793, 857, 885]",crops/page_0010/col04_char008.png
page_0010,4,ni,尼,U+5C3C,True,1,尼,"[757, 885, 857, 977]",crops/page_0010/col04_char009.png
page_0010,4,pha,𢏿,U+223FF,True,3,苑,"[757, 977, 857, 1069]",crops/page_0010/col04_char010.png
page_0010,4,si,稀,U+7A00,True,3,槎,"[757, 1069, 857, 1161]",crops/page_0010/col04_char011.png
page_0010,4,ô,烏,U+70CF,True,1,烏,"[757, 1161, 857, 1253]",crops/page_0010/col04_char012.png
page_0010,4,thứ,次,U+6B21,True,1,次,"[757, 1253, 857, 1345]",crops/page_0010/col04_char013.png
page_0010,4,bốn,荞,U+835E,True,3,举,"[757, 1345, 857, 1436]",crops/page_0010/col04_char014.png
page_0010,4,thấy,体,U+4F53,True,1,体,"[757, 1436, 857, 1528]",crops/page_0010/col04_char015.png
page_0010,4,một,𦹰,U+26E70,True,3,夢,"[757, 1528, 857, 1620]",crops/page_0010/col04_char016.png
page_0010,4,nhà,茹,U+8339,True,1,茹,"[757, 1620, 857, 1712]",crops/page_0010/col04_char017.png
page_0010,4,quỷ,鬼,U+9B3C,True,1,鬼,"[757, 1712, 857, 1804]",crops/page_0010/col04_char018.png
page_0010,4,ở,於,U+65BC,True,1,於,"[757, 1804, 857, 1896]",crops/page_0010/col04_char019.png
page_0010,4,thành,城,U+57CE,True,1,城,"[757, 1896, 857, 1988]",crops/page_0010/col04_char020.png
page_0010,5,Rô,,,False,0,,,
page_0010,5,ma,藦,U+85E6,True,3,噌,"[616, 58, 712, 154]",crops/page_0010/col05_char000.png
page_0010,5,khéo,矯,U+77EF,True,3,瑪,"[616, 154, 712, 251]",crops/page_0010/col05_char001.png
page_0010,5,lắm,窘,U+7A98,True,3,窖,"[616, 251, 712, 348]",crops/page_0010/col05_char002.png
page_0010,5,ông,鶲,U+9DB2,True,3,凜,"[616, 348, 712, 445]",crops/page_0010/col05_char003.png
page_0010,5,kia,󱡍,U+F184D,True,3,翁,"[616, 445, 712, 542]",crops/page_0010/col05_char004.png
page_0010,5,tên,𬕰,U+2C570,True,3,其,"[616, 542, 712, 639]",crops/page_0010/col05_char005.png
page_0010,5,là,究,U+7A76,True,3,先,"[616, 639, 712, 736]",crops/page_0010/col05_char006.png
page_0010,5,A,兮,U+516E,True,3,西,"[616, 736, 712, 833]",crops/page_0010/col05_char007.png
page_0010,5,ki,朞,U+671E,True,2,基,"[616, 833, 712, 930]",crops/page_0010/col05_char008.png
page_0010,5,li,离,U+79BB,True,1,离,"[616, 930, 712, 1027]",crops/page_0010/col05_char009.png
page_0010,5,pha,葩,U+8469,True,1,葩,"[616, 1027, 712, 1123]",crops/page_0010/col05_char010.png
page_0010,5,làm,𫜵,U+2B735,True,3,以,"[616, 1123, 712, 1220]",crops/page_0010/col05_char011.png
page_0010,5,xưa,󱊨,U+F12A8,True,3,𭃡,"[616, 1220, 712, 1317]",crops/page_0010/col05_char012.png
page_0010,5,mà,麻,U+9EBB,True,1,麻,"[616, 1317, 712, 1414]",crops/page_0010/col05_char013.png
page_0010,5,thờ,於,U+65BC,True,3,蛛,"[616, 1414, 712, 1511]",crops/page_0010/col05_char014.png
page_0010,5,nó,奴,U+5974,True,1,奴,"[616, 1511, 712, 1608]",crops/page_0010/col05_char015.png
page_0010,5,Ông,翁,U+7FC1,True,1,翁,"[616, 1608, 712, 1705]",crops/page_0010/col05_char016.png
page_0010,5,Thánh,垩,U+57A9,True,1,垩,"[616, 1705, 712, 1802]",crops/page_0010/col05_char017.png
page_0010,5,Pha,嫫,U+5AEB,True,3,苑,"[616, 1802, 712, 1899]",crops/page_0010/col05_char018.png
page_0010,5,pha,頗,U+9817,True,3,丶,"[616, 1899, 712, 1996]",crops/page_0010/col05_char019.png
page_0010,6,thấy,,,False,0,,,
page_0010,6,thiên,𨒟,U+2849F,True,3,体,"[456, 62, 556, 153]",crops/page_0010/col06_char000.png
page_0010,6,hạ,奁,U+5941,True,3,奈,"[456, 153, 556, 245]",crops/page_0010/col06_char001.png
page_0010,6,đã,㐌,U+340C,True,2,色,"[456, 245, 556, 336]",crops/page_0010/col06_char002.png
page_0010,6,học,斈,U+6588,True,1,斈,"[456, 336, 556, 428]",crops/page_0010/col06_char003.png
page_0010,6,đạo,道,U+9053,True,1,道,"[456, 428, 556, 519]",crops/page_0010/col06_char004.png
page_0010,6,thật,实,U+5B9E,True,1,实,"[456, 519, 556, 611]",crops/page_0010/col06_char005.png
page_0010,6,chẳng,庒,U+5E92,True,1,庒,"[456, 611, 556, 703]",crops/page_0010/col06_char006.png
page_0010,6,còn,羣,U+7FA3,True,1,羣,"[456, 703, 556, 794]",crops/page_0010/col06_char007.png
page_0010,6,thờ,蜍,U+870D,True,1,蜍,"[456, 794, 556, 886]",crops/page_0010/col06_char008.png
page_0010,6,quỷ,鬼,U+9B3C,True,1,鬼,"[456, 886, 556, 977]",crops/page_0010/col06_char009.png
page_0010,6,nữa,女,U+5973,True,1,女,"[456, 977, 556, 1069]",crops/page_0010/col06_char010.png
page_0010,6,thì,時,U+6642,True,1,時,"[456, 1069, 556, 1160]",crops/page_0010/col06_char011.png
page_0010,6,người,㝵,U+3775,True,1,㝵,"[456, 1160, 556, 1252]",crops/page_0010/col06_char012.png
page_0010,6,lấy,𢬿,U+22B3F,True,3,祕,"[456, 1252, 556, 1344]",crops/page_0010/col06_char013.png
page_0010,6,nhà,茹,U+8339,True,1,茹,"[456, 1344, 556, 1435]",crops/page_0010/col06_char014.png
page_0010,6,ấy,𧘇,U+27607,True,3,人,"[456, 1435, 556, 1527]",crops/page_0010/col06_char015.png
page_0010,6,làm,𣩂,U+23A42,True,3,白,"[456, 1527, 556, 1618]",crops/page_0010/col06_char016.png
page_0010,6,đền,殿,U+6BBF,True,1,殿,"[456, 1618, 556, 1710]",crops/page_0010/col06_char017.png
page_0010,6,thờ,蜍,U+870D,True,1,蜍,"[456, 1710, 556, 1801]",crops/page_0010/col06_char018.png
page_0010,6,chúa,主,U+4E3B,True,1,主,"[456, 1801, 556, 1893]",crops/page_0010/col06_char019.png
page_0010,6,các,各,U+5404,True,1,各,"[456, 1893, 556, 1985]",crops/page_0010/col06_char020.png
page_0010,7,Thánh,垩,U+57A9,True,1,垩,"[305, 60, 407, 145]",crops/page_0010/col07_char000.png
page_0010,7,là,𬗢,U+2C5E2,True,3,異,"[305, 145, 407, 231]",crops/page_0010/col07_char001.png
page_0010,7,Rất,㦗,U+3997,True,3,慓,"[305, 231, 407, 317]",crops/page_0010/col07_char002.png
page_0010,7,Thánh,垩,U+57A9,True,1,垩,"[305, 317, 407, 403]",crops/page_0010/col07_char003.png
page_0010,7,Đức,𧘚,U+2761A,True,3,行,"[305, 403, 407, 489]",crops/page_0010/col07_char004.png
page_0010,7,Bà,鈀,U+9200,True,3,妃,"[305, 489, 407, 575]",crops/page_0010/col07_char005.png
page_0010,7,Ma,藦,U+85E6,True,3,瑪,"[305, 575, 407, 661]",crops/page_0010/col07_char006.png
page_0010,7,ri,𪅨,U+2A168,True,3,頥,"[305, 661, 407, 747]",crops/page_0010/col07_char007.png
page_0010,7,a,兮,U+516E,True,3,匝,"[305, 747, 407, 833]",crops/page_0010/col07_char008.png
page_0010,7,cùng,共,U+5171,True,1,共,"[305, 833, 407, 919]",crops/page_0010/col07_char009.png
page_0010,7,các,各,U+5404,True,1,各,"[305, 919, 407, 1005]",crops/page_0010/col07_char010.png
page_0010,7,Thánh,垩,U+57A9,True,1,垩,"[305, 1005, 407, 1090]",crops/page_0010/col07_char011.png
page_0010,7,nam,男,U+7537,True,1,男,"[305, 1090, 407, 1176]",crops/page_0010/col07_char012.png
page_0010,7,nữ,女,U+5973,True,1,女,"[305, 1176, 407, 1262]",crops/page_0010/col07_char013.png
page_0010,7,ở,於,U+65BC,True,1,於,"[305, 1262, 407, 1348]",crops/page_0010/col07_char014.png
page_0010,7,trên,蓮,U+84EE,True,2,運,"[305, 1348, 407, 1434]",crops/page_0010/col07_char015.png
page_0010,7,trời,禿,U+79BF,True,3,丞,"[305, 1434, 407, 1520]",crops/page_0010/col07_char016.png
page_0010,7,Vì,爲,U+7232,True,1,爲,"[305, 1520, 407, 1606]",crops/page_0010/col07_char017.png
page_0010,7,vậy,丕,U+4E15,True,1,丕,"[305, 1606, 407, 1692]",crops/page_0010/col07_char018.png
page_0010,7,dọn,迍,U+8FCD,True,1,迍,"[305, 1692, 407, 1778]",crops/page_0010/col07_char019.png
page_0010,7,nhà,䋈,U+42C8,True,3,成,"[305, 1778, 407, 1864]",crops/page_0010/col07_char020.png
page_0010,7,ấy,噫,U+566B,True,3,人,"[305, 1864, 407, 1950]",crops/page_0010/col07_char021.png
page_0010,8,mà,女,U+5973,True,3,存,"[159, 57, 262, 148]",crops/page_0010/col08_char000.png
page_0010,8,bỏ,𥙷,U+25677,True,1,𥙷,"[159, 148, 262, 239]",crops/page_0010/col08_char001.png
page_0010,8,những,仍,U+4ECD,True,1,仍,"[159, 239, 262, 330]",crops/page_0010/col08_char002.png
page_0010,8,hình,形,U+5F62,True,1,形,"[159, 330, 262, 421]",crops/page_0010/col08_char003.png
page_0010,8,tượng,像,U+50CF,True,3,𰂸,"[159, 421, 262, 512]",crops/page_0010/col08_char004.png
page_0010,8,quỷ,悤,U+60A4,True,3,恩,"[159, 512, 262, 603]",crops/page_0010/col08_char005.png
page_0010,8,đi,𪠞,U+2A81E,True,3,趍,"[159, 603, 262, 694]",crops/page_0010/col08_char006.png
page_0010,8,liền,連,U+9023,True,1,連,"[159, 694, 262, 785]",crops/page_0010/col08_char007.png
page_0010,8,lấy,𥙩,U+25669,True,3,柩,"[159, 785, 262, 876]",crops/page_0010/col08_char008.png
page_0010,8,bốn,廌,U+5ECC,True,3,眾,"[159, 876, 262, 967]",crops/page_0010/col08_char009.png
page_0010,8,mươi,邁,U+9081,True,1,邁,"[159, 967, 262, 1058]",crops/page_0010/col08_char010.png
page_0010,8,xe,車,U+8ECA,True,1,車,"[159, 1058, 262, 1149]",crops/page_0010/col08_char011.png
page_0010,8,chở,𡳎,U+21CCE,True,3,𧵑,"[159, 1149, 262, 1240]",crops/page_0010/col08_char012.png
page_0010,8,những,仍,U+4ECD,True,1,仍,"[159, 1240, 262, 1331]",crops/page_0010/col08_char013.png
page_0010,8,xác,壳,U+58F3,True,1,壳,"[159, 1331, 262, 1422]",crops/page_0010/col08_char014.png
page_0010,8,các,各,U+5404,True,1,各,"[159, 1422, 262, 1513]",crops/page_0010/col08_char015.png
page_0010,8,Thánh,垩,U+57A9,True,1,垩,"[159, 1513, 262, 1604]",crops/page_0010/col08_char016.png
page_0010,8,tử,死,U+6B7B,True,1,死,"[159, 1604, 262, 1695]",crops/page_0010/col08_char017.png
page_0010,8,vì,爲,U+7232,True,1,爲,"[159, 1695, 262, 1786]",crops/page_0010/col08_char018.png
page_0010,8,đạo,道,U+9053,True,1,道,"[159, 1786, 262, 1877]",crops/page_0010/col08_char019.png
page_0010,8,xưa,𫋶,U+2B2F6,True,3,𭃡,"[159, 1877, 262, 1969]",crops/page_0010/col08_char020.png
page_0010,9,mà,麻,U+9EBB,True,1,麻,"[22, 69, 109, 152]",crops/page_0010/col09_char000.png
page_0010,9,đem,󰝡,U+F0761,True,3,丸,"[22, 152, 109, 235]",crops/page_0010/col09_char001.png
page_0010,9,về,衛,U+885B,True,2,街,"[22, 235, 109, 318]",crops/page_0010/col09_char002.png
page_0010,9,táng,塟,U+585F,True,1,塟,"[22, 318, 109, 401]",crops/page_0010/col09_char003.png
page_0010,9,trong,中,U+4E2D,True,1,中,"[22, 401, 109, 484]",crops/page_0010/col09_char004.png
page_0010,9,đền,殿,U+6BBF,True,1,殿,"[22, 484, 109, 567]",crops/page_0010/col09_char005.png
page_0010,9,ấy,𧘇,U+27607,True,3,仪,"[22, 567, 109, 650]",crops/page_0010/col09_char006.png
page_0010,9,lại,吏,U+540F,True,1,吏,"[22, 650, 109, 733]",crops/page_0010/col09_char007.png
page_0010,9,dạy,代,U+4EE3,True,1,代,"[22, 733, 109, 816]",crops/page_0010/col09_char008.png
page_0010,9,hễ,係,U+4FC2,True,1,係,"[22, 816, 109, 899]",crops/page_0010/col09_char009.png
page_0010,9,là,𬗢,U+2C5E2,True,3,異,"[22, 899, 109, 982]",crops/page_0010/col09_char010.png
page_0010,9,một,蔑,U+8511,True,3,農,"[22, 982, 109, 1065]",crops/page_0010/col09_char011.png
page_0010,9,năm,嫣,U+5AE3,True,3,解,"[22, 1065, 109, 1148]",crops/page_0010/col09_char012.png
page_0010,9,một,殁,U+6B81,True,3,苓,"[22, 1148, 109, 1231]",crops/page_0010/col09_char013.png
page_0010,9,lần,吝,U+541D,True,1,吝,"[22, 1231, 109, 1314]",crops/page_0010/col09_char014.png
page_0010,9,làm,对,U+5BF9,True,3,内,"[22, 1314, 109, 1397]",crops/page_0010/col09_char015.png
page_0010,9,lễ,礼,U+793C,True,1,礼,"[22, 1397, 109, 1480]",crops/page_0010/col09_char016.png
page_0010,9,kính,敬,U+656C,True,1,敬,"[22, 1480, 109, 1563]",crops/page_0010/col09_char017.png
page_0010,9,các,各,U+5404,True,1,各,"[22, 1563, 109, 1646]",crops/page_0010/col09_char018.png
page_0010,9,Thánh,垩,U+57A9,True,1,垩,"[22, 1646, 109, 1729]",crops/page_0010/col09_char019.png
page_0010,9,hợp,合,U+5408,True,1,合,"[22, 1729, 109, 1812]",crops/page_0010/col09_char020.png
page_0010,9,lại,吏,U+540F,True,1,吏,"[22, 1812, 109, 1895]",crops/page_0010/col09_char021.png
page_0010,9,làm,𫜵,U+2B735,True,3,而,"[22, 1895, 109, 1978]",crops/page_0010/col09_char022.png
page_0012,1,một,𡎝,U+2139D,True,3,茂,"[1150, 49, 1231, 139]",crops/page_0012/col01_char000.png
page_0012,1,Sự,事,U+4E8B,True,1,事,"[1150, 139, 1231, 230]",crops/page_0012/col01_char001.png
page_0012,1,này,𠼱,U+20F31,True,3,尺,"[1150, 230, 1231, 321]",crops/page_0012/col01_char002.png
page_0012,1,phải,沛,U+6C9B,True,1,沛,"[1150, 321, 1231, 412]",crops/page_0012/col01_char003.png
page_0012,1,lẽ,理,U+7406,True,1,理,"[1150, 412, 1231, 503]",crops/page_0012/col01_char004.png
page_0012,1,lắm,凜,U+51DC,True,1,凜,"[1150, 503, 1231, 594]",crops/page_0012/col01_char005.png
page_0012,1,Trước,畧,U+7567,True,1,畧,"[1150, 594, 1231, 685]",crops/page_0012/col01_char006.png
page_0012,1,hết,歇,U+6B47,True,1,歇,"[1150, 685, 1231, 775]",crops/page_0012/col01_char007.png
page_0012,1,vì,爲,U+7232,True,1,爲,"[1150, 775, 1231, 866]",crops/page_0012/col01_char008.png
page_0012,1,bởi,罢,U+7F62,True,1,罢,"[1150, 866, 1231, 957]",crops/page_0012/col01_char009.png
page_0012,1,những,仍,U+4ECD,True,1,仍,"[1150, 957, 1231, 1048]",crops/page_0012/col01_char010.png
page_0012,1,Thánh,垩,U+57A9,True,1,垩,"[1150, 1048, 1231, 1139]",crops/page_0012/col01_char011.png
page_0012,1,đã,㐌,U+340C,True,2,色,"[1150, 1139, 1231, 1230]",crops/page_0012/col01_char012.png
page_0012,1,lên,連,U+9023,True,1,連,"[1150, 1230, 1231, 1321]",crops/page_0012/col01_char013.png
page_0012,1,thiên,天,U+5929,True,1,天,"[1150, 1321, 1231, 1411]",crops/page_0012/col01_char014.png
page_0012,1,đàng,堂,U+5802,True,1,堂,"[1150, 1411, 1231, 1502]",crops/page_0012/col01_char015.png
page_0012,1,có,固,U+56FA,True,1,固,"[1150, 1502, 1231, 1593]",crops/page_0012/col01_char016.png
page_0012,1,nhiều,嬈,U+5B08,True,2,燒,"[1150, 1593, 1231, 1684]",crops/page_0012/col01_char017.png
page_0012,1,lắm,凜,U+51DC,True,1,凜,"[1150, 1684, 1231, 1775]",crops/page_0012/col01_char018.png
page_0012,1,kể,計,U+8A08,True,1,計,"[1150, 1775, 1231, 1866]",crops/page_0012/col01_char019.png
page_0012,1,chẳng,丕,U+4E15,True,3,𡉄,"[1150, 1866, 1231, 1957]",crops/page_0012/col01_char020.png
page_0012,2,xiết,掣,U+63A3,True,1,掣,"[1004, 52, 1092, 138]",crops/page_0012/col02_char000.png
page_0012,2,Mà,麻,U+9EBB,True,1,麻,"[1004, 138, 1092, 225]",crops/page_0012/col02_char001.png
page_0012,2,một,费,U+8D39,True,3,夢,"[1004, 225, 1092, 312]",crops/page_0012/col02_char002.png
page_0012,2,năm,齩,U+9F69,True,3,解,"[1004, 312, 1092, 399]",crops/page_0012/col02_char003.png
page_0012,2,làm,𣩂,U+23A42,True,3,𡿨,"[1004, 399, 1092, 486]",crops/page_0012/col02_char004.png
page_0012,2,lễ,礼,U+793C,True,1,礼,"[1004, 486, 1092, 573]",crops/page_0012/col02_char005.png
page_0012,2,kính,敬,U+656C,True,1,敬,"[1004, 573, 1092, 660]",crops/page_0012/col02_char006.png
page_0012,2,các,各,U+5404,True,1,各,"[1004, 660, 1092, 747]",crops/page_0012/col02_char007.png
page_0012,2,Thánh,垩,U+57A9,True,1,垩,"[1004, 747, 1092, 834]",crops/page_0012/col02_char008.png
page_0012,2,ấy,椅,U+6905,True,3,人,"[1004, 834, 1092, 921]",crops/page_0012/col02_char009.png
page_0012,2,thì,時,U+6642,True,1,時,"[1004, 921, 1092, 1008]",crops/page_0012/col02_char010.png
page_0012,2,chẳng,庒,U+5E92,True,1,庒,"[1004, 1008, 1092, 1095]",crops/page_0012/col02_char011.png
page_0012,2,đủ,𨇜,U+281DC,True,3,坊,"[1004, 1095, 1092, 1182]",crops/page_0012/col02_char012.png
page_0012,2,vì,爲,U+7232,True,1,爲,"[1004, 1182, 1092, 1269]",crops/page_0012/col02_char013.png
page_0012,2,có,固,U+56FA,True,1,固,"[1004, 1269, 1092, 1356]",crops/page_0012/col02_char014.png
page_0012,2,ngày,𬏝,U+2C3DD,True,3,䏷,"[1004, 1356, 1092, 1443]",crops/page_0012/col02_char015.png
page_0012,2,một,󰓳,U+F04F3,True,3,𫈦,"[1004, 1443, 1092, 1530]",crops/page_0012/col02_char016.png
page_0012,2,trăm,𩄴,U+29134,True,3,霖,"[1004, 1530, 1092, 1617]",crops/page_0012/col02_char017.png
page_0012,2,có,固,U+56FA,True,1,固,"[1004, 1617, 1092, 1704]",crops/page_0012/col02_char018.png
page_0012,2,ngày,𬏝,U+2C3DD,True,3,聘,"[1004, 1704, 1092, 1791]",crops/page_0012/col02_char019.png
page_0012,2,một,蔑,U+8511,True,3,𫈦,"[1004, 1791, 1092, 1878]",crops/page_0012/col02_char020.png
page_0012,2,nghìn,𦝄,U+26744,True,3,顔,"[1004, 1878, 1092, 1965]",crops/page_0012/col02_char021.png
page_0012,3,có,固,U+56FA,True,1,固,"[860, 50, 953, 140]",crops/page_0012/col03_char000.png
page_0012,3,ngày,𬏝,U+2C3DD,True,3,䏷,"[860, 140, 953, 230]",crops/page_0012/col03_char001.png
page_0012,3,hơn,欣,U+6B23,True,1,欣,"[860, 230, 953, 320]",crops/page_0012/col03_char002.png
page_0012,3,một,敄,U+6544,True,3,茂,"[860, 320, 953, 410]",crops/page_0012/col03_char003.png
page_0012,3,muôn,門,U+9580,True,1,門,"[860, 410, 953, 500]",crops/page_0012/col03_char004.png
page_0012,3,người,㝵,U+3775,True,1,㝵,"[860, 500, 953, 590]",crops/page_0012/col03_char005.png
page_0012,3,Thánh,垩,U+57A9,True,1,垩,"[860, 590, 953, 681]",crops/page_0012/col03_char006.png
page_0012,3,khỏi,塊,U+584A,True,1,塊,"[860, 681, 953, 771]",crops/page_0012/col03_char007.png
page_0012,3,thế,世,U+4E16,True,1,世,"[860, 771, 953, 861]",crops/page_0012/col03_char008.png
page_0012,3,gian,間,U+9593,True,1,間,"[860, 861, 953, 951]",crops/page_0012/col03_char009.png
page_0012,3,mà,麻,U+9EBB,True,1,麻,"[860, 951, 953, 1041]",crops/page_0012/col03_char010.png
page_0012,3,lên,連,U+9023,True,1,連,"[860, 1041, 953, 1131]",crops/page_0012/col03_char011.png
page_0012,3,chịu,召,U+53EC,True,1,召,"[860, 1131, 953, 1221]",crops/page_0012/col03_char012.png
page_0012,3,phúc,福,U+798F,True,1,福,"[860, 1221, 953, 1312]",crops/page_0012/col03_char013.png
page_0012,3,nước,渃,U+6E03,True,3,𭰖,"[860, 1312, 953, 1402]",crops/page_0012/col03_char014.png
page_0012,3,cực,極,U+6975,True,1,極,"[860, 1402, 953, 1492]",crops/page_0012/col03_char015.png
page_0012,3,trọng,重,U+91CD,True,1,重,"[860, 1492, 953, 1582]",crops/page_0012/col03_char016.png
page_0012,3,ấy,𫢚,U+2B89A,True,3,人,"[860, 1582, 953, 1672]",crops/page_0012/col03_char017.png
page_0012,3,thì,拷,U+62F7,True,3,特,"[860, 1672, 953, 1762]",crops/page_0012/col03_char018.png
page_0012,3,trông,𥖸,U+255B8,True,3,罨,"[860, 1762, 953, 1852]",crops/page_0012/col03_char019.png
page_0012,3,kẻ,几,U+51E0,True,1,几,"[860, 1852, 953, 1943]",crops/page_0012/col03_char020.png
page_0012,4,làm,𣩂,U+23A42,True,3,𡖋,"[725, 51, 812, 137]",crops/page_0012/col04_char000.png
page_0012,4,bạn,伴,U+4F34,True,1,伴,"[725, 137, 812, 224]",crops/page_0012/col04_char001.png
page_0012,4,cùng,共,U+5171,True,1,共,"[725, 224, 812, 310]",crops/page_0012/col04_char002.png
page_0012,4,mình,镳,U+9573,True,3,餓,"[725, 310, 812, 397]",crops/page_0012/col04_char003.png
page_0012,4,ai,挨,U+6328,True,2,俟,"[725, 397, 812, 483]",crops/page_0012/col04_char004.png
page_0012,4,còn,󱫦,U+F1AE6,True,3,咩,"[725, 483, 812, 570]",crops/page_0012/col04_char005.png
page_0012,4,ở,於,U+65BC,True,1,於,"[725, 570, 812, 656]",crops/page_0012/col04_char006.png
page_0012,4,thế,世,U+4E16,True,1,世,"[725, 656, 812, 743]",crops/page_0012/col04_char007.png
page_0012,4,gian,間,U+9593,True,1,間,"[725, 743, 812, 829]",crops/page_0012/col04_char008.png
page_0012,4,phải,沛,U+6C9B,True,1,沛,"[725, 829, 812, 916]",crops/page_0012/col04_char009.png
page_0012,4,đánh,打,U+6253,True,1,打,"[725, 916, 812, 1003]",crops/page_0012/col04_char010.png
page_0012,4,giặc,賊,U+8CCA,True,1,賊,"[725, 1003, 812, 1089]",crops/page_0012/col04_char011.png
page_0012,4,là,蛰,U+86F0,True,3,異,"[725, 1089, 812, 1176]",crops/page_0012/col04_char012.png
page_0012,4,quỷ,鬼,U+9B3C,True,1,鬼,"[725, 1176, 812, 1262]",crops/page_0012/col04_char013.png
page_0012,4,cùng,共,U+5171,True,1,共,"[725, 1262, 812, 1349]",crops/page_0012/col04_char014.png
page_0012,4,xác,壳,U+58F3,True,2,売,"[725, 1349, 812, 1435]",crops/page_0012/col04_char015.png
page_0012,4,mình,命,U+547D,True,1,命,"[725, 1435, 812, 1522]",crops/page_0012/col04_char016.png
page_0012,4,cho,埃,U+57C3,True,3,牛,"[725, 1522, 812, 1608]",crops/page_0012/col04_char017.png
page_0012,4,nên,年,U+5E74,True,1,年,"[725, 1608, 812, 1695]",crops/page_0012/col04_char018.png
page_0012,4,Vì,爲,U+7232,True,1,爲,"[725, 1695, 812, 1781]",crops/page_0012/col04_char019.png
page_0012,4,vậy,丕,U+4E15,True,1,丕,"[725, 1781, 812, 1868]",crops/page_0012/col04_char020.png
page_0012,4,I,,,False,0,衣,"[725, 1868, 812, 1955]",crops/page_0012/col04_char021.png
page_0012,5,ghê,𥡞,U+2585E,True,3,計,"[577, 46, 677, 137]",crops/page_0012/col05_char000.png
page_0012,5,rê,黎,U+9ECE,True,3,𢪩,"[577, 137, 677, 229]",crops/page_0012/col05_char001.png
page_0012,5,gia,加,U+52A0,True,1,加,"[577, 229, 677, 321]",crops/page_0012/col05_char002.png
page_0012,5,chọn,撰,U+64B0,True,1,撰,"[577, 321, 677, 412]",crops/page_0012/col05_char003.png
page_0012,5,một,沒,U+6C92,True,3,𫈦,"[577, 412, 677, 504]",crops/page_0012/col05_char004.png
page_0012,5,ngày,𬏝,U+2C3DD,True,3,聘,"[577, 504, 677, 596]",crops/page_0012/col05_char005.png
page_0012,5,rầy,喝,U+559D,True,3,曷,"[577, 596, 677, 687]",crops/page_0012/col05_char006.png
page_0012,5,mà,麻,U+9EBB,True,1,麻,"[577, 687, 677, 779]",crops/page_0012/col05_char007.png
page_0012,5,kính,敬,U+656C,True,1,敬,"[577, 779, 677, 871]",crops/page_0012/col05_char008.png
page_0012,5,cùng,穹,U+7A79,True,3,艾,"[577, 871, 677, 962]",crops/page_0012/col05_char009.png
page_0012,5,mừng,明,U+660E,True,1,明,"[577, 962, 677, 1054]",crops/page_0012/col05_char010.png
page_0012,5,hết,歇,U+6B47,True,1,歇,"[577, 1054, 677, 1146]",crops/page_0012/col05_char011.png
page_0012,5,kẻo,矯,U+77EF,True,1,矯,"[577, 1146, 677, 1237]",crops/page_0012/col05_char012.png
page_0012,5,sót,卒,U+5352,True,2,辛,"[577, 1237, 677, 1329]",crops/page_0012/col05_char013.png
page_0012,5,ai,埃,U+57C3,True,1,埃,"[577, 1329, 677, 1421]",crops/page_0012/col05_char014.png
page_0012,5,mà,麻,U+9EBB,True,1,麻,"[577, 1421, 677, 1512]",crops/page_0012/col05_char015.png
page_0012,5,chẳng,庄,U+5E84,True,1,庄,"[577, 1512, 677, 1604]",crops/page_0012/col05_char016.png
page_0012,5,trả,把,U+628A,True,1,把,"[577, 1604, 677, 1696]",crops/page_0012/col05_char017.png
page_0012,5,nghĩa,儀,U+5100,True,3,美,"[577, 1696, 677, 1787]",crops/page_0012/col05_char018.png
page_0012,5,đủ,堵,U+5835,True,1,堵,"[577, 1787, 677, 1879]",crops/page_0012/col05_char019.png
page_0012,5,cho,朱,U+6731,True,1,朱,"[577, 1879, 677, 1971]",crops/page_0012/col05_char020.png
page_0012,6,các,各,U+5404,True,1,各,"[444, 44, 537, 131]",crops/page_0012/col06_char000.png
page_0012,6,tướng,将,U+5C06,True,1,将,"[444, 131, 537, 219]",crops/page_0012/col06_char001.png
page_0012,6,mạnh,孟,U+5B5F,True,1,孟,"[444, 219, 537, 307]",crops/page_0012/col06_char002.png
page_0012,6,ấy,𧘇,U+27607,True,3,从,"[444, 307, 537, 395]",crops/page_0012/col06_char003.png
page_0012,6,Xưa,󱊨,U+F12A8,True,3,𭃡,"[444, 395, 537, 483]",crops/page_0012/col06_char004.png
page_0012,6,vua,窘,U+7A98,True,3,帬,"[444, 483, 537, 570]",crops/page_0012/col06_char005.png
page_0012,6,nước,於,U+65BC,True,3,湯,"[444, 570, 537, 658]",crops/page_0012/col06_char006.png
page_0012,6,A,兮,U+516E,True,3,更,"[444, 658, 537, 746]",crops/page_0012/col06_char007.png
page_0012,6,si,稀,U+7A00,True,3,槎,"[444, 746, 537, 834]",crops/page_0012/col06_char008.png
page_0012,6,ri,㺔,U+3E94,True,3,移,"[444, 834, 537, 922]",crops/page_0012/col06_char009.png
page_0012,6,a,兮,U+516E,True,3,匝,"[444, 922, 537, 1010]",crops/page_0012/col06_char010.png
page_0012,6,tên,先,U+5148,True,1,先,"[444, 1010, 537, 1097]",crops/page_0012/col06_char011.png
page_0012,6,là,𪜀,U+2A700,True,3,兴,"[444, 1097, 537, 1185]",crops/page_0012/col06_char012.png
page_0012,6,A,兮,U+516E,True,3,匝,"[444, 1185, 537, 1273]",crops/page_0012/col06_char013.png
page_0012,6,ri,𪅨,U+2A168,True,3,移,"[444, 1273, 537, 1361]",crops/page_0012/col06_char014.png
page_0012,6,ê,珓,U+73D3,True,3,咬,"[444, 1361, 537, 1449]",crops/page_0012/col06_char015.png
page_0012,6,rô,蔼,U+853C,True,3,噶,"[444, 1449, 537, 1536]",crops/page_0012/col06_char016.png
page_0012,6,mời,邁,U+9081,True,1,邁,"[444, 1536, 537, 1624]",crops/page_0012/col06_char017.png
page_0012,6,các,各,U+5404,True,1,各,"[444, 1624, 537, 1712]",crops/page_0012/col06_char018.png
page_0012,6,quan,官,U+5B98,True,1,官,"[444, 1712, 537, 1800]",crops/page_0012/col06_char019.png
page_0012,6,triều,朝,U+671D,True,1,朝,"[444, 1800, 537, 1888]",crops/page_0012/col06_char020.png
page_0012,6,văn,文,U+6587,True,1,文,"[444, 1888, 537, 1976]",crops/page_0012/col06_char021.png
page_0012,7,võ,,,False,0,,,
page_0012,7,cùng,贰,U+8D30,True,3,武,"[298, 35, 411, 132]",crops/page_0012/col07_char000.png
page_0012,7,những,忍,U+5FCD,True,3,共,"[298, 132, 411, 230]",crops/page_0012/col07_char001.png
page_0012,7,kẻ,矯,U+77EF,True,3,仍,"[298, 230, 411, 327]",crops/page_0012/col07_char002.png
page_0012,7,cả,架,U+67B6,True,3,几,"[298, 327, 411, 425]",crops/page_0012/col07_char003.png
page_0012,7,trong,瑇,U+7447,True,3,岢,"[298, 425, 411, 522]",crops/page_0012/col07_char004.png
page_0012,7,nước,於,U+65BC,True,3,中,"[298, 522, 411, 620]",crops/page_0012/col07_char005.png
page_0012,7,mình,𨉓,U+28253,True,3,海,"[298, 620, 411, 717]",crops/page_0012/col07_char006.png
page_0012,7,ăn,𫗒,U+2B5D2,True,3,劔,"[298, 717, 411, 815]",crops/page_0012/col07_char007.png
page_0012,7,mừng,竅,U+7AC5,True,3,唼,"[298, 815, 411, 912]",crops/page_0012/col07_char008.png
page_0012,7,trong,瑇,U+7447,True,3,明,"[298, 912, 411, 1010]",crops/page_0012/col07_char009.png
page_0012,7,đền,𡑴,U+21474,True,3,中,"[298, 1010, 411, 1108]",crops/page_0012/col07_char010.png
page_0012,7,hơn,殼,U+6BBC,True,3,殿,"[298, 1108, 411, 1205]",crops/page_0012/col07_char011.png
page_0012,7,một,沒,U+6C92,True,3,𡖖,"[298, 1205, 411, 1303]",crops/page_0012/col07_char012.png
page_0012,7,trăm,婪,U+5A6A,True,3,𫈼,"[298, 1303, 411, 1400]",crops/page_0012/col07_char013.png
page_0012,7,tám,梵,U+68B5,True,3,森,"[298, 1400, 411, 1498]",crops/page_0012/col07_char014.png
page_0012,7,mươi,𤂱,U+240B1,True,3,糁,"[298, 1498, 411, 1595]",crops/page_0012/col07_char015.png
page_0012,7,ngày,揭,U+63ED,True,3,遏,"[298, 1595, 411, 1693]",crops/page_0012/col07_char016.png
page_0012,7,Bấy,𠾚,U+20F9A,True,3,䏷,"[298, 1693, 411, 1790]",crops/page_0012/col07_char017.png
page_0012,7,nhiêu,娆,U+5A06,True,3,閉,"[298, 1790, 411, 1888]",crops/page_0012/col07_char018.png
page_0012,7,ngày,𤑫,U+2446B,True,3,燒,"[298, 1888, 411, 1986]",crops/page_0012/col07_char019.png
page_0012,8,ấy,,,False,0,,,
page_0012,8,thì,𢫙,U+22AD9,True,3,依,"[148, 33, 279, 122]",crops/page_0012/col08_char000.png
page_0012,8,vua,𪻟,U+2AEDF,True,3,時,"[148, 122, 279, 212]",crops/page_0012/col08_char001.png
page_0012,8,rộng,帑,U+5E11,True,3,希,"[148, 212, 279, 301]",crops/page_0012/col08_char002.png
page_0012,8,rãi,󱞾,U+F17BE,True,3,曠,"[148, 301, 279, 391]",crops/page_0012/col08_char003.png
page_0012,8,lắm,待,U+5F85,True,3,侍,"[148, 391, 279, 481]",crops/page_0012/col08_char004.png
page_0012,8,chẳng,承,U+627F,True,3,凜,"[148, 481, 279, 570]",crops/page_0012/col08_char005.png
page_0012,8,có,痒,U+75D2,True,3,庒,"[148, 570, 279, 660]",crops/page_0012/col08_char006.png
page_0012,8,thiếu,條,U+689D,True,3,固,"[148, 660, 279, 750]",crops/page_0012/col08_char007.png
page_0012,8,vật,劣,U+52A3,True,3,少,"[148, 750, 279, 839]",crops/page_0012/col08_char008.png
page_0012,8,gì,姨,U+59E8,True,3,物,"[148, 839, 279, 929]",crops/page_0012/col08_char009.png
page_0012,8,có,匀,U+5300,True,3,之,"[148, 929, 279, 1019]",crops/page_0012/col08_char010.png
page_0012,8,ngon,园,U+56ED,True,3,固,"[148, 1019, 279, 1108]",crops/page_0012/col08_char011.png
page_0012,8,ngọt,允,U+5141,True,3,吮,"[148, 1108, 279, 1198]",crops/page_0012/col08_char012.png
page_0012,8,mà,麻,U+9EBB,True,1,麻,"[148, 1198, 279, 1287]",crops/page_0012/col08_char013.png
page_0012,8,chẳng,庒,U+5E92,True,1,庒,"[148, 1287, 279, 1377]",crops/page_0012/col08_char014.png
page_0012,8,ăn,竅,U+7AC5,True,3,唼,"[148, 1377, 279, 1467]",crops/page_0012/col08_char015.png
page_0012,8,uống,𢗖,U+225D6,True,3,吒,"[148, 1467, 279, 1556]",crops/page_0012/col08_char016.png
page_0012,8,Lại,吏,U+540F,True,1,吏,"[148, 1556, 279, 1646]",crops/page_0012/col08_char017.png
page_0012,8,có,偈,U+5048,True,3,因,"[148, 1646, 279, 1736]",crops/page_0012/col08_char018.png
page_0012,8,bà,𡠄,U+21804,True,3,妃,"[148, 1736, 279, 1825]",crops/page_0012/col08_char019.png
page_0012,8,hoàng,皇,U+7687,True,1,皇,"[148, 1825, 279, 1915]",crops/page_0012/col08_char020.png
page_0012,8,hậu,堠,U+5820,True,3,𦀇,"[148, 1915, 279, 2005]",crops/page_0012/col08_char021.png
page_0012,9,tên,先,U+5148,True,1,先,"[16, 39, 114, 132]",crops/page_0012/col09_char000.png
page_0012,9,là,蛰,U+86F0,True,3,異,"[16, 132, 114, 225]",crops/page_0012/col09_char001.png
page_0012,9,Va,撝,U+649D,True,3,椲,"[16, 225, 114, 318]",crops/page_0012/col09_char002.png
page_0012,9,ti,𤰞,U+24C1E,True,1,𤰞,"[16, 318, 114, 411]",crops/page_0012/col09_char003.png
page_0012,9,cũng,拱,U+62F1,True,1,拱,"[16, 411, 114, 504]",crops/page_0012/col09_char004.png
page_0012,9,làm,𣩂,U+23A42,True,3,白,"[16, 504, 114, 597]",crops/page_0012/col09_char005.png
page_0012,9,một,甍,U+750D,True,3,夢,"[16, 597, 114, 691]",crops/page_0012/col09_char006.png
page_0012,9,tiệc,席,U+5E2D,True,1,席,"[16, 691, 114, 784]",crops/page_0012/col09_char007.png
page_0012,9,trọng,重,U+91CD,True,1,重,"[16, 784, 114, 877]",crops/page_0012/col09_char008.png
page_0012,9,cho,朱,U+6731,True,1,朱,"[16, 877, 114, 970]",crops/page_0012/col09_char009.png
page_0012,9,các,各,U+5404,True,1,各,"[16, 970, 114, 1063]",crops/page_0012/col09_char010.png
page_0012,9,người,㝵,U+3775,True,1,㝵,"[16, 1063, 114, 1156]",crops/page_0012/col09_char011.png
page_0012,9,nữ,女,U+5973,True,1,女,"[16, 1156, 114, 1249]",crops/page_0012/col09_char012.png
page_0012,9,trong,中,U+4E2D,True,1,中,"[16, 1249, 114, 1343]",crops/page_0012/col09_char013.png
page_0012,9,đền,殿,U+6BBF,True,1,殿,"[16, 1343, 114, 1436]",crops/page_0012/col09_char014.png
page_0012,9,một,𡎝,U+2139D,True,3,茂,"[16, 1436, 114, 1529]",crops/page_0012/col09_char015.png
page_0012,9,trật,秩,U+79E9,True,1,秩,"[16, 1529, 114, 1622]",crops/page_0012/col09_char016.png
page_0012,9,ấy,𫢚,U+2B89A,True,3,人,"[16, 1622, 114, 1715]",crops/page_0012/col09_char017.png
page_0012,9,dọn,𦟥,U+267E5,True,3,䢌,"[16, 1715, 114, 1808]",crops/page_0012/col09_char018.png
page_0012,9,những,仍,U+4ECD,True,1,仍,"[16, 1808, 114, 1901]",crops/page_0012/col09_char019.png
page_0012,9,của,古,U+53E4,True,1,古,"[16, 1901, 114, 1995]",crops/page_0012/col09_char020.png
page_0014,1,mỹ,美,U+7F8E,True,1,美,"[1181, 82, 1284, 172]",crops/page_0014/col01_char000.png
page_0014,1,vị,味,U+5473,True,1,味,"[1181, 172, 1284, 263]",crops/page_0014/col01_char001.png
page_0014,1,cho,朱,U+6731,True,1,朱,"[1181, 263, 1284, 353]",crops/page_0014/col01_char002.png
page_0014,1,ăn,安,U+5B89,True,1,安,"[1181, 353, 1284, 444]",crops/page_0014/col01_char003.png
page_0014,1,Sự,事,U+4E8B,True,1,事,"[1181, 444, 1284, 534]",crops/page_0014/col01_char004.png
page_0014,1,Đức,芳,U+82B3,True,3,方,"[1181, 534, 1284, 625]",crops/page_0014/col01_char005.png
page_0014,1,Chúa,主,U+4E3B,True,1,主,"[1181, 625, 1284, 716]",crops/page_0014/col01_char006.png
page_0014,1,Trời,𠇖,U+201D6,True,3,尽,"[1181, 716, 1284, 806]",crops/page_0014/col01_char007.png
page_0014,1,làm,𣩂,U+23A42,True,3,而,"[1181, 806, 1284, 897]",crops/page_0014/col01_char008.png
page_0014,1,cho,朱,U+6731,True,1,朱,"[1181, 897, 1284, 987]",crops/page_0014/col01_char009.png
page_0014,1,các,各,U+5404,True,1,各,"[1181, 987, 1284, 1078]",crops/page_0014/col01_char010.png
page_0014,1,Thánh,垩,U+57A9,True,1,垩,"[1181, 1078, 1284, 1168]",crops/page_0014/col01_char011.png
page_0014,1,hôm,歆,U+6B46,True,1,歆,"[1181, 1168, 1284, 1259]",crops/page_0014/col01_char012.png
page_0014,1,nay,尼,U+5C3C,True,1,尼,"[1181, 1259, 1284, 1350]",crops/page_0014/col01_char013.png
page_0014,1,cũng,共,U+5171,True,1,共,"[1181, 1350, 1284, 1440]",crops/page_0014/col01_char014.png
page_0014,1,giống,種,U+7A2E,True,1,種,"[1181, 1440, 1284, 1531]",crops/page_0014/col01_char015.png
page_0014,1,sự,事,U+4E8B,True,1,事,"[1181, 1531, 1284, 1621]",crops/page_0014/col01_char016.png
page_0014,1,này,𠼱,U+20F31,True,3,尺,"[1181, 1621, 1284, 1712]",crops/page_0014/col01_char017.png
page_0014,1,một,蔑,U+8511,True,1,蔑,"[1181, 1712, 1284, 1802]",crops/page_0014/col01_char018.png
page_0014,1,chút,拙,U+62D9,True,1,拙,"[1181, 1802, 1284, 1893]",crops/page_0014/col01_char019.png
page_0014,1,vì,爲,U+7232,True,1,爲,"[1181, 1893, 1284, 1984]",crops/page_0014/col01_char020.png
page_0014,2,chưng,,,False,0,,,
page_0014,2,trong,禿,U+79BF,True,3,烝,"[1044, 75, 1137, 162]",crops/page_0014/col02_char000.png
page_0014,2,Sách,𫁰,U+2B070,True,3,中,"[1044, 162, 1137, 250]",crops/page_0014/col02_char001.png
page_0014,2,Thánh,戽,U+623D,True,3,母,"[1044, 250, 1137, 338]",crops/page_0014/col02_char002.png
page_0014,2,rằng,娘,U+5A18,True,3,垩,"[1044, 338, 1137, 425]",crops/page_0014/col02_char003.png
page_0014,2,Vua,𪻟,U+2AEDF,True,3,浪,"[1044, 425, 1137, 513]",crops/page_0014/col02_char004.png
page_0014,2,lên,帑,U+5E11,True,3,希,"[1044, 513, 1137, 601]",crops/page_0014/col02_char005.png
page_0014,2,trị,𨙍,U+2864D,True,3,運,"[1044, 601, 1137, 689]",crops/page_0014/col02_char006.png
page_0014,2,được,泠,U+6CE0,True,3,冷,"[1044, 689, 1137, 776]",crops/page_0014/col02_char007.png
page_0014,2,ba,拷,U+62F7,True,3,特,"[1044, 776, 1137, 864]",crops/page_0014/col02_char008.png
page_0014,2,năm,𢆥,U+221A5,True,3,巴,"[1044, 864, 1137, 952]",crops/page_0014/col02_char009.png
page_0014,2,thì,嫣,U+5AE3,True,3,解,"[1044, 952, 1137, 1040]",crops/page_0014/col02_char010.png
page_0014,2,mới,𪦲,U+2A9B2,True,3,時,"[1044, 1040, 1137, 1127]",crops/page_0014/col02_char011.png
page_0014,2,làm,𣩂,U+23A42,True,3,𡖋,"[1044, 1127, 1137, 1215]",crops/page_0014/col02_char012.png
page_0014,2,tiệc,席,U+5E2D,True,1,席,"[1044, 1215, 1137, 1303]",crops/page_0014/col02_char013.png
page_0014,2,ấy,乙,U+4E59,True,2,厶,"[1044, 1303, 1137, 1390]",crops/page_0014/col02_char014.png
page_0014,2,Vậy,丕,U+4E15,True,1,丕,"[1044, 1390, 1137, 1478]",crops/page_0014/col02_char015.png
page_0014,2,phải,沛,U+6C9B,True,1,沛,"[1044, 1478, 1137, 1566]",crops/page_0014/col02_char016.png
page_0014,2,biết,別,U+5225,True,1,別,"[1044, 1566, 1137, 1654]",crops/page_0014/col02_char017.png
page_0014,2,từ,自,U+81EA,True,1,自,"[1044, 1654, 1137, 1741]",crops/page_0014/col02_char018.png
page_0014,2,tạo,造,U+9020,True,1,造,"[1044, 1741, 1137, 1829]",crops/page_0014/col02_char019.png
page_0014,2,thiên,天,U+5929,True,1,天,"[1044, 1829, 1137, 1917]",crops/page_0014/col02_char020.png
page_0014,2,lập,立,U+7ACB,True,1,立,"[1044, 1917, 1137, 2005]",crops/page_0014/col02_char021.png
page_0014,3,địa,地,U+5730,True,1,地,"[897, 72, 1001, 160]",crops/page_0014/col03_char000.png
page_0014,3,cho,朱,U+6731,True,1,朱,"[897, 160, 1001, 249]",crops/page_0014/col03_char001.png
page_0014,3,đến,旦,U+65E6,True,1,旦,"[897, 249, 1001, 337]",crops/page_0014/col03_char002.png
page_0014,3,tận,尽,U+5C3D,True,1,尽,"[897, 337, 1001, 426]",crops/page_0014/col03_char003.png
page_0014,3,thế,世,U+4E16,True,1,世,"[897, 426, 1001, 514]",crops/page_0014/col03_char004.png
page_0014,3,thì,時,U+6642,True,1,時,"[897, 514, 1001, 603]",crops/page_0014/col03_char005.png
page_0014,3,có,窖,U+7A96,True,3,因,"[897, 603, 1001, 691]",crops/page_0014/col03_char006.png
page_0014,3,ba,巴,U+5DF4,True,1,巴,"[897, 691, 1001, 780]",crops/page_0014/col03_char007.png
page_0014,3,đời,代,U+4EE3,True,1,代,"[897, 780, 1001, 868]",crops/page_0014/col03_char008.png
page_0014,3,trước,畧,U+7567,True,1,畧,"[897, 868, 1001, 957]",crops/page_0014/col03_char009.png
page_0014,3,từ,自,U+81EA,True,1,自,"[897, 957, 1001, 1045]",crops/page_0014/col03_char010.png
page_0014,3,dựng,鄧,U+9127,True,2,鄂,"[897, 1045, 1001, 1134]",crops/page_0014/col03_char011.png
page_0014,3,nên,年,U+5E74,True,1,年,"[897, 1134, 1001, 1222]",crops/page_0014/col03_char012.png
page_0014,3,ông,翁,U+7FC1,True,1,翁,"[897, 1222, 1001, 1311]",crops/page_0014/col03_char013.png
page_0014,3,A,兮,U+516E,True,3,匝,"[897, 1311, 1001, 1399]",crops/page_0014/col03_char014.png
page_0014,3,dong,𢫝,U+22ADD,True,3,奮,"[897, 1399, 1001, 1488]",crops/page_0014/col03_char015.png
page_0014,3,cho,朱,U+6731,True,1,朱,"[897, 1488, 1001, 1576]",crops/page_0014/col03_char016.png
page_0014,3,đến,旦,U+65E6,True,1,旦,"[897, 1576, 1001, 1665]",crops/page_0014/col03_char017.png
page_0014,3,truyền,傳,U+50B3,True,1,傳,"[897, 1665, 1001, 1753]",crops/page_0014/col03_char018.png
page_0014,3,đạo,道,U+9053,True,1,道,"[897, 1753, 1001, 1842]",crops/page_0014/col03_char019.png
page_0014,3,cho,朱,U+6731,True,1,朱,"[897, 1842, 1001, 1930]",crops/page_0014/col03_char020.png
page_0014,3,ông,鶲,U+9DB2,True,3,𭔿,"[897, 1930, 1001, 2019]",crops/page_0014/col03_char021.png
page_0014,4,Mai,枚,U+679A,True,1,枚,"[751, 69, 864, 158]",crops/page_0014/col04_char000.png
page_0014,4,sen,蓮,U+84EE,True,1,蓮,"[751, 158, 864, 247]",crops/page_0014/col04_char001.png
page_0014,4,hai,󰀘,U+F0018,True,3,当,"[751, 247, 864, 336]",crops/page_0014/col04_char002.png
page_0014,4,là,蛰,U+86F0,True,3,異,"[751, 336, 864, 425]",crops/page_0014/col04_char003.png
page_0014,4,ông,蓊,U+84CA,True,3,𡬦,"[751, 425, 864, 514]",crops/page_0014/col04_char004.png
page_0014,4,Mai,𫂚,U+2B09A,True,3,𭣣,"[751, 514, 864, 603]",crops/page_0014/col04_char005.png
page_0014,4,sen,蓮,U+84EE,True,2,運,"[751, 603, 864, 692]",crops/page_0014/col04_char006.png
page_0014,4,cho,朱,U+6731,True,1,朱,"[751, 692, 864, 781]",crops/page_0014/col04_char007.png
page_0014,4,đến,旦,U+65E6,True,1,旦,"[751, 781, 864, 870]",crops/page_0014/col04_char008.png
page_0014,4,Đức,德,U+5FB7,True,1,德,"[751, 870, 864, 959]",crops/page_0014/col04_char009.png
page_0014,4,Chúa,主,U+4E3B,True,1,主,"[751, 959, 864, 1048]",crops/page_0014/col04_char010.png
page_0014,4,Giê,支,U+652F,True,1,支,"[751, 1048, 864, 1137]",crops/page_0014/col04_char011.png
page_0014,4,su,秋,U+79CB,True,1,秋,"[751, 1137, 864, 1226]",crops/page_0014/col04_char012.png
page_0014,4,ra,威,U+5A01,True,3,嘿,"[751, 1226, 864, 1315]",crops/page_0014/col04_char013.png
page_0014,4,đời,代,U+4EE3,True,1,代,"[751, 1315, 864, 1404]",crops/page_0014/col04_char014.png
page_0014,4,ba,巴,U+5DF4,True,1,巴,"[751, 1404, 864, 1493]",crops/page_0014/col04_char015.png
page_0014,4,là,舄,U+8204,True,3,粤,"[751, 1493, 864, 1582]",crops/page_0014/col04_char016.png
page_0014,4,từ,自,U+81EA,True,1,自,"[751, 1582, 864, 1671]",crops/page_0014/col04_char017.png
page_0014,4,Đức,杇,U+6747,True,3,行,"[751, 1671, 864, 1760]",crops/page_0014/col04_char018.png
page_0014,4,Chúa,主,U+4E3B,True,1,主,"[751, 1760, 864, 1849]",crops/page_0014/col04_char019.png
page_0014,4,Giê,梔,U+6894,True,3,夫,"[751, 1849, 864, 1938]",crops/page_0014/col04_char020.png
page_0014,4,su,秋,U+79CB,True,1,秋,"[751, 1938, 864, 2027]",crops/page_0014/col04_char021.png
page_0014,5,ra,威,U+5A01,True,3,嘿,"[607, 78, 711, 162]",crops/page_0014/col05_char000.png
page_0014,5,đời,代,U+4EE3,True,1,代,"[607, 162, 711, 246]",crops/page_0014/col05_char001.png
page_0014,5,cho,朱,U+6731,True,1,朱,"[607, 246, 711, 330]",crops/page_0014/col05_char002.png
page_0014,5,đến,旦,U+65E6,True,1,旦,"[607, 330, 711, 414]",crops/page_0014/col05_char003.png
page_0014,5,tận,尽,U+5C3D,True,1,尽,"[607, 414, 711, 498]",crops/page_0014/col05_char004.png
page_0014,5,thế,世,U+4E16,True,1,世,"[607, 498, 711, 583]",crops/page_0014/col05_char005.png
page_0014,5,Vậy,丕,U+4E15,True,1,丕,"[607, 583, 711, 667]",crops/page_0014/col05_char006.png
page_0014,5,hai,侼,U+4FBC,True,3,𫞃,"[607, 667, 711, 751]",crops/page_0014/col05_char007.png
page_0014,5,đời,代,U+4EE3,True,1,代,"[607, 751, 711, 835]",crops/page_0014/col05_char008.png
page_0014,5,trước,畧,U+7567,True,1,畧,"[607, 835, 711, 919]",crops/page_0014/col05_char009.png
page_0014,5,dù,油,U+6CB9,True,1,油,"[607, 919, 711, 1003]",crops/page_0014/col05_char010.png
page_0014,5,mà,麻,U+9EBB,True,1,麻,"[607, 1003, 711, 1088]",crops/page_0014/col05_char011.png
page_0014,5,Đức,𧘚,U+2761A,True,3,行,"[607, 1088, 711, 1172]",crops/page_0014/col05_char012.png
page_0014,5,Chúa,主,U+4E3B,True,1,主,"[607, 1172, 711, 1256]",crops/page_0014/col05_char013.png
page_0014,5,Trời,𡗶,U+215F6,True,2,蚕,"[607, 1256, 711, 1340]",crops/page_0014/col05_char014.png
page_0014,5,yêu,腰,U+8170,True,1,腰,"[607, 1340, 711, 1424]",crops/page_0014/col05_char015.png
page_0014,5,các,各,U+5404,True,1,各,"[607, 1424, 711, 1508]",crops/page_0014/col05_char016.png
page_0014,5,Thánh,垩,U+57A9,True,1,垩,"[607, 1508, 711, 1593]",crops/page_0014/col05_char017.png
page_0014,5,thì,時,U+6642,True,1,時,"[607, 1593, 711, 1677]",crops/page_0014/col05_char018.png
page_0014,5,chưa,初,U+521D,True,3,请,"[607, 1677, 711, 1761]",crops/page_0014/col05_char019.png
page_0014,5,có,固,U+56FA,True,1,固,"[607, 1761, 711, 1845]",crops/page_0014/col05_char020.png
page_0014,5,cho,朱,U+6731,True,1,朱,"[607, 1845, 711, 1929]",crops/page_0014/col05_char021.png
page_0014,5,ai,埃,U+57C3,True,1,埃,"[607, 1929, 711, 2014]",crops/page_0014/col05_char022.png
page_0014,6,,,,False,0,,,
page_0014,6,lên,𬨠,U+2CA20,True,3,尺,"[452, 171, 561, 262]",crops/page_0014/col06_char000.png
page_0014,6,thiên,𨒟,U+2849F,True,3,堂,"[452, 262, 561, 353]",crops/page_0014/col06_char001.png
page_0014,6,đàng,𤶐,U+24D90,True,3,麻,"[452, 353, 561, 445]",crops/page_0014/col06_char002.png
page_0014,6,mà,㝹,U+3779,True,3,妥,"[452, 445, 561, 536]",crops/page_0014/col06_char003.png
page_0014,6,ăn,𢷱,U+22DF1,True,3,席,"[452, 536, 561, 627]",crops/page_0014/col06_char004.png
page_0014,6,tiệc,𥟉,U+257C9,True,3,極,"[452, 627, 561, 719]",crops/page_0014/col06_char005.png
page_0014,6,cực,裕,U+88D5,True,3,重,"[452, 719, 561, 810]",crops/page_0014/col06_char006.png
page_0014,6,trọng,娤,U+5A24,True,3,要,"[452, 810, 561, 901]",crops/page_0014/col06_char007.png
page_0014,6,là,鉢,U+9262,True,3,体,"[452, 901, 561, 992]",crops/page_0014/col06_char008.png
page_0014,6,thấy,汽,U+6C7D,True,3,打,"[452, 992, 561, 1084]",crops/page_0014/col06_char009.png
page_0014,6,Đức,𱝮,U+3176E,True,3,主,"[452, 1084, 561, 1175]",crops/page_0014/col06_char010.png
page_0014,6,Chúa,券,U+5238,True,3,乔,"[452, 1175, 561, 1266]",crops/page_0014/col06_char011.png
page_0014,6,Trời,捧,U+6367,True,3,事,"[452, 1266, 561, 1358]",crops/page_0014/col06_char012.png
page_0014,6,Sự,耡,U+8021,True,3,人,"[452, 1358, 561, 1449]",crops/page_0014/col06_char013.png
page_0014,6,ấy,菰,U+83F0,True,3,底,"[452, 1449, 561, 1540]",crops/page_0014/col06_char014.png
page_0014,6,để,柢,U+67E2,True,3,朱,"[452, 1540, 561, 1631]",crops/page_0014/col06_char015.png
page_0014,6,cho,埃,U+57C3,True,3,代,"[452, 1631, 561, 1723]",crops/page_0014/col06_char016.png
page_0014,6,đời,欢,U+6B22,True,3,次,"[452, 1723, 561, 1814]",crops/page_0014/col06_char017.png
page_0014,6,thứ,瑼,U+747C,True,3,舉,"[452, 1814, 561, 1905]",crops/page_0014/col06_char018.png
page_0014,6,ba,巴,U+5DF4,True,1,巴,"[452, 1905, 561, 1997]",crops/page_0014/col06_char019.png
page_0014,7,là,𬗢,U+2C5E2,True,3,㒷,"[308, 79, 406, 171]",crops/page_0014/col07_char000.png
page_0014,7,đời,代,U+4EE3,True,1,代,"[308, 171, 406, 263]",crops/page_0014/col07_char001.png
page_0014,7,Đức,疔,U+7594,True,3,厅,"[308, 263, 406, 356]",crops/page_0014/col07_char002.png
page_0014,7,Chúa,主,U+4E3B,True,1,主,"[308, 356, 406, 448]",crops/page_0014/col07_char003.png
page_0014,7,Giê,支,U+652F,True,1,支,"[308, 448, 406, 541]",crops/page_0014/col07_char004.png
page_0014,7,su,秋,U+79CB,True,1,秋,"[308, 541, 406, 633]",crops/page_0014/col07_char005.png
page_0014,7,vì,爲,U+7232,True,1,爲,"[308, 633, 406, 726]",crops/page_0014/col07_char006.png
page_0014,7,chưng,蒸,U+84B8,True,1,蒸,"[308, 726, 406, 818]",crops/page_0014/col07_char007.png
page_0014,7,Người,𥐧,U+25427,True,3,昇,"[308, 818, 406, 911]",crops/page_0014/col07_char008.png
page_0014,7,lên,挅,U+6305,True,3,遫,"[308, 911, 406, 1003]",crops/page_0014/col07_char009.png
page_0014,7,thiên,釺,U+91FA,True,3,尺,"[308, 1003, 406, 1096]",crops/page_0014/col07_char010.png
page_0014,7,đàng,堂,U+5802,True,1,堂,"[308, 1096, 406, 1188]",crops/page_0014/col07_char011.png
page_0014,7,trước,畧,U+7567,True,1,畧,"[308, 1188, 406, 1281]",crops/page_0014/col07_char012.png
page_0014,7,hết,歇,U+6B47,True,1,歇,"[308, 1281, 406, 1373]",crops/page_0014/col07_char013.png
page_0014,7,lại,吏,U+540F,True,1,吏,"[308, 1373, 406, 1466]",crops/page_0014/col07_char014.png
page_0014,7,mở,美,U+7F8E,True,2,羙,"[308, 1466, 406, 1558]",crops/page_0014/col07_char015.png
page_0014,7,đường,唐,U+5510,True,1,唐,"[308, 1558, 406, 1651]",crops/page_0014/col07_char016.png
page_0014,7,cho,朱,U+6731,True,2,宋,"[308, 1651, 406, 1743]",crops/page_0014/col07_char017.png
page_0014,7,các,各,U+5404,True,1,各,"[308, 1743, 406, 1836]",crops/page_0014/col07_char018.png
page_0014,7,Thánh,垩,U+57A9,True,1,垩,"[308, 1836, 406, 1928]",crops/page_0014/col07_char019.png
page_0014,7,theo,燒,U+71D2,True,1,燒,"[308, 1928, 406, 2021]",crops/page_0014/col07_char020.png
page_0014,8,sau,,,False,0,,,
page_0014,8,mà,凑,U+51D1,True,3,娄,"[165, 79, 253, 169]",crops/page_0014/col08_char000.png
page_0014,8,tiệc,𤶐,U+24D90,True,3,麻,"[165, 169, 253, 260]",crops/page_0014/col08_char001.png
page_0014,8,ấy,𢷱,U+22DF1,True,3,席,"[165, 260, 253, 351]",crops/page_0014/col08_char002.png
page_0014,8,làm,乆,U+4E46,True,3,人,"[165, 351, 253, 442]",crops/page_0014/col08_char003.png
page_0014,8,cho,朱,U+6731,True,1,朱,"[165, 442, 253, 532]",crops/page_0014/col08_char004.png
page_0014,8,lâu,楼,U+697C,True,1,楼,"[165, 532, 253, 623]",crops/page_0014/col08_char005.png
page_0014,8,vì,爲,U+7232,True,1,爲,"[165, 623, 253, 714]",crops/page_0014/col08_char006.png
page_0014,8,cho,朱,U+6731,True,1,朱,"[165, 714, 253, 805]",crops/page_0014/col08_char007.png
page_0014,8,các,各,U+5404,True,1,各,"[165, 805, 253, 895]",crops/page_0014/col08_char008.png
page_0014,8,Thánh,垩,U+57A9,True,1,垩,"[165, 895, 253, 986]",crops/page_0014/col08_char009.png
page_0014,8,hưởng,享,U+4EAB,True,1,享,"[165, 986, 253, 1077]",crops/page_0014/col08_char010.png
page_0014,8,phúc,福,U+798F,True,1,福,"[165, 1077, 253, 1168]",crops/page_0014/col08_char011.png
page_0014,8,cho,朱,U+6731,True,1,朱,"[165, 1168, 253, 1258]",crops/page_0014/col08_char012.png
page_0014,8,đến,旦,U+65E6,True,1,旦,"[165, 1258, 253, 1349]",crops/page_0014/col08_char013.png
page_0014,8,đời,代,U+4EE3,True,1,代,"[165, 1349, 253, 1440]",crops/page_0014/col08_char014.png
page_0014,8,đời,尖,U+5C16,True,3,之,"[165, 1440, 253, 1531]",crops/page_0014/col08_char015.png
page_0014,8,chẳng,庄,U+5E84,True,1,庄,"[165, 1531, 253, 1621]",crops/page_0014/col08_char016.png
page_0014,8,hay,𣕘,U+23558,True,3,唱,"[165, 1621, 253, 1712]",crops/page_0014/col08_char017.png
page_0014,8,hết,歇,U+6B47,True,1,歇,"[165, 1712, 253, 1803]",crops/page_0014/col08_char018.png
page_0014,8,Sau,娄,U+5A04,True,1,娄,"[165, 1803, 253, 1894]",crops/page_0014/col08_char019.png
page_0014,8,nữa,女,U+5973,True,1,女,"[165, 1894, 253, 1985]",crops/page_0014/col08_char020.png
page_0014,9,sự,,,False,0,,,
page_0014,9,bà,繁,U+7E41,True,3,事,"[19, 78, 101, 166]",crops/page_0014/col09_char000.png
page_0014,9,hoàng,垉,U+5789,True,3,地,"[19, 166, 101, 254]",crops/page_0014/col09_char001.png
page_0014,9,hậu,候,U+5019,True,3,皇,"[19, 254, 101, 342]",crops/page_0014/col09_char002.png
page_0014,9,ấy,𠡏,U+2084F,True,3,应,"[19, 342, 101, 430]",crops/page_0014/col09_char003.png
page_0014,9,làm,贝,U+8D1D,True,3,巜,"[19, 430, 101, 518]",crops/page_0014/col09_char004.png
page_0014,9,cho,朱,U+6731,True,1,朱,"[19, 518, 101, 606]",crops/page_0014/col09_char005.png
page_0014,9,các,各,U+5404,True,1,各,"[19, 606, 101, 694]",crops/page_0014/col09_char006.png
page_0014,9,người,㝵,U+3775,True,2,旱,"[19, 694, 101, 782]",crops/page_0014/col09_char007.png
page_0014,9,nữ,女,U+5973,True,1,女,"[19, 782, 101, 870]",crops/page_0014/col09_char008.png
page_0014,9,thì,時,U+6642,True,1,時,"[19, 870, 101, 958]",crops/page_0014/col09_char009.png
page_0014,9,Thánh,垩,U+57A9,True,1,垩,"[19, 958, 101, 1047]",crops/page_0014/col09_char010.png
page_0014,9,I,,,False,0,,,
page_0014,9,ghê,轮,U+8F6E,True,3,衣,"[19, 1047, 101, 1135]",crops/page_0014/col09_char011.png
page_0014,9,rê,黎,U+9ECE,True,3,計,"[19, 1135, 101, 1223]",crops/page_0014/col09_char012.png
page_0014,9,gia,𬞠,U+2C7A0,True,3,移,"[19, 1223, 101, 1311]",crops/page_0014/col09_char013.png
page_0014,9,làm,𫜵,U+2B735,True,3,内,"[19, 1311, 101, 1399]",crops/page_0014/col09_char014.png
page_0014,9,cho,朱,U+6731,True,1,朱,"[19, 1399, 101, 1487]",crops/page_0014/col09_char015.png
page_0014,9,các,各,U+5404,True,1,各,"[19, 1487, 101, 1575]",crops/page_0014/col09_char016.png
page_0014,9,Thánh,垩,U+57A9,True,1,垩,"[19, 1575, 101, 1663]",crops/page_0014/col09_char017.png
page_0014,9,vì,爲,U+7232,True,1,爲,"[19, 1663, 101, 1751]",crops/page_0014/col09_char018.png
page_0014,9,mừng,明,U+660E,True,1,明,"[19, 1751, 101, 1839]",crops/page_0014/col09_char019.png
page_0014,9,các,各,U+5404,True,1,各,"[19, 1839, 101, 1927]",crops/page_0014/col09_char020.png
page_0014,9,anh,歪,U+6B6A,True,3,垂,"[19, 1927, 101, 2016]",crops/page_0014/col09_char021.png
page_0016,1,các,各,U+5404,True,1,各,"[1129, 58, 1235, 145]",crops/page_0016/col01_char000.png
page_0016,1,chị,姉,U+59C9,True,1,姉,"[1129, 145, 1235, 233]",crops/page_0016/col01_char001.png
page_0016,1,đã,㐌,U+340C,True,2,色,"[1129, 233, 1235, 320]",crops/page_0016/col01_char002.png
page_0016,1,giữ,佇,U+4F47,True,1,佇,"[1129, 320, 1235, 408]",crops/page_0016/col01_char003.png
page_0016,1,đạo,道,U+9053,True,1,道,"[1129, 408, 1235, 495]",crops/page_0016/col01_char004.png
page_0016,1,nên,年,U+5E74,True,1,年,"[1129, 495, 1235, 583]",crops/page_0016/col01_char005.png
page_0016,1,cùng,共,U+5171,True,1,共,"[1129, 583, 1235, 670]",crops/page_0016/col01_char006.png
page_0016,1,khỏi,塊,U+584A,True,1,塊,"[1129, 670, 1235, 758]",crops/page_0016/col01_char007.png
page_0016,1,thế,世,U+4E16,True,1,世,"[1129, 758, 1235, 845]",crops/page_0016/col01_char008.png
page_0016,1,Ấy,𧘇,U+27607,True,3,𫝄,"[1129, 845, 1235, 933]",crops/page_0016/col01_char009.png
page_0016,1,vậy,丕,U+4E15,True,1,丕,"[1129, 933, 1235, 1021]",crops/page_0016/col01_char010.png
page_0016,1,I,,,False,0,衣,"[1129, 1021, 1235, 1108]",crops/page_0016/col01_char011.png
page_0016,1,ghê,䚵,U+46B5,True,3,計,"[1129, 1108, 1235, 1196]",crops/page_0016/col01_char012.png
page_0016,1,rê,󱫠,U+F1AE0,True,3,移,"[1129, 1196, 1235, 1283]",crops/page_0016/col01_char013.png
page_0016,1,gia,加,U+52A0,True,1,加,"[1129, 1283, 1235, 1371]",crops/page_0016/col01_char014.png
page_0016,1,nhớ,汝,U+6C5D,True,1,汝,"[1129, 1371, 1235, 1458]",crops/page_0016/col01_char015.png
page_0016,1,đến,旦,U+65E6,True,1,旦,"[1129, 1458, 1235, 1546]",crops/page_0016/col01_char016.png
page_0016,1,những,仍,U+4ECD,True,1,仍,"[1129, 1546, 1235, 1633]",crops/page_0016/col01_char017.png
page_0016,1,kẻ,几,U+51E0,True,1,几,"[1129, 1633, 1235, 1721]",crops/page_0016/col01_char018.png
page_0016,1,khi,欺,U+6B3A,True,1,欺,"[1129, 1721, 1235, 1808]",crops/page_0016/col01_char019.png
page_0016,1,còn,群,U+7FA4,True,1,群,"[1129, 1808, 1235, 1896]",crops/page_0016/col01_char020.png
page_0016,1,ở,於,U+65BC,True,1,於,"[1129, 1896, 1235, 1984]",crops/page_0016/col01_char021.png
page_0016,1,,,,False,0,,,
page_0016,1,,,,False,0,,,
page_0016,2,thế,,,False,0,,,
page_0016,2,gian,,,False,0,,,
page_0016,2,giữ,,,False,0,,,
page_0016,2,nết,沲,U+6CB2,True,3,世,"[1003, 66, 1091, 153]",crops/page_0016/col02_char000.png
page_0016,2,na,娜,U+5A1C,True,3,間,"[1003, 153, 1091, 241]",crops/page_0016/col02_char001.png
page_0016,2,mà,麻,U+9EBB,True,1,麻,"[1003, 241, 1091, 329]",crops/page_0016/col02_char002.png
page_0016,2,toan,痠,U+75E0,True,3,䓁,"[1003, 329, 1091, 417]",crops/page_0016/col02_char003.png
page_0016,2,trả,把,U+628A,True,1,把,"[1003, 417, 1091, 505]",crops/page_0016/col02_char004.png
page_0016,2,công,功,U+529F,True,1,功,"[1003, 505, 1091, 593]",crops/page_0016/col02_char005.png
page_0016,2,cho,朱,U+6731,True,1,朱,"[1003, 593, 1091, 681]",crops/page_0016/col02_char006.png
page_0016,2,Vậy,丕,U+4E15,True,2,不,"[1003, 681, 1091, 769]",crops/page_0016/col02_char007.png
page_0016,2,ta,些,U+4E9B,True,1,些,"[1003, 769, 1091, 857]",crops/page_0016/col02_char008.png
page_0016,2,phải,轹,U+8F79,True,3,希,"[1003, 857, 1091, 945]",crops/page_0016/col02_char009.png
page_0016,2,rốn,脄,U+8104,True,3,胼,"[1003, 945, 1091, 1033]",crops/page_0016/col02_char010.png
page_0016,2,cho,朱,U+6731,True,1,朱,"[1003, 1033, 1091, 1121]",crops/page_0016/col02_char011.png
page_0016,2,được,特,U+7279,True,1,特,"[1003, 1121, 1091, 1209]",crops/page_0016/col02_char012.png
page_0016,2,vào,󱚁,U+F1681,True,3,巳,"[1003, 1209, 1091, 1297]",crops/page_0016/col02_char013.png
page_0016,2,số,戏,U+620F,True,3,效,"[1003, 1297, 1091, 1385]",crops/page_0016/col02_char014.png
page_0016,2,ấy,戏,U+620F,True,3,伐,"[1003, 1385, 1091, 1473]",crops/page_0016/col02_char015.png
page_0016,2,nữa,女,U+5973,True,1,女,"[1003, 1473, 1091, 1561]",crops/page_0016/col02_char016.png
page_0016,2,và,和,U+548C,True,3,常,"[1003, 1561, 1091, 1649]",crops/page_0016/col02_char017.png
page_0016,2,hưởng,享,U+4EAB,True,1,享,"[1003, 1649, 1091, 1737]",crops/page_0016/col02_char018.png
page_0016,2,sự,事,U+4E8B,True,1,事,"[1003, 1737, 1091, 1825]",crops/page_0016/col02_char019.png
page_0016,2,trọng,重,U+91CD,True,1,重,"[1003, 1825, 1091, 1913]",crops/page_0016/col02_char020.png
page_0016,2,con,婫,U+5A6B,True,3,見,"[1003, 1913, 1091, 2001]",crops/page_0016/col02_char021.png
page_0016,3,,,,False,0,,,
page_0016,3,mắt,媎,U+5A8E,True,3,渚,"[856, 135, 954, 223]",crops/page_0016/col03_char000.png
page_0016,3,chưa,休,U+4F11,True,3,体,"[856, 223, 954, 311]",crops/page_0016/col03_char001.png
page_0016,3,thấy,𫌠,U+2B320,True,3,腮,"[856, 311, 954, 398]",crops/page_0016/col03_char002.png
page_0016,3,tai,㢤,U+38A4,True,3,请,"[856, 398, 954, 486]",crops/page_0016/col03_char003.png
page_0016,3,chưa,頊,U+980A,True,3,宜,"[856, 486, 954, 574]",crops/page_0016/col03_char004.png
page_0016,3,nghe,儀,U+5100,True,3,寺,"[856, 574, 954, 661]",crops/page_0016/col03_char005.png
page_0016,3,lòng,情,U+60C5,True,2,请,"[856, 661, 954, 749]",crops/page_0016/col03_char006.png
page_0016,3,chưa,拷,U+62F7,True,3,特,"[856, 749, 954, 837]",crops/page_0016/col03_char007.png
page_0016,3,được,󱡓,U+F1853,True,3,事,"[856, 837, 954, 924]",crops/page_0016/col03_char008.png
page_0016,3,sự,𥾋,U+25F8B,True,3,約,"[856, 924, 954, 1012]",crops/page_0016/col03_char009.png
page_0016,3,ước,沟,U+6C9F,True,3,洶,"[856, 1012, 954, 1100]",crops/page_0016/col03_char010.png
page_0016,3,ao,蛰,U+86F0,True,3,異,"[856, 1100, 954, 1187]",crops/page_0016/col03_char011.png
page_0016,3,là,容,U+5BB9,True,3,重,"[856, 1187, 954, 1275]",crops/page_0016/col03_char012.png
page_0016,3,trọng,𢪮,U+22AAE,True,3,体,"[856, 1275, 954, 1363]",crops/page_0016/col03_char013.png
page_0016,3,thế,慜,U+615C,True,3,事,"[856, 1363, 954, 1450]",crops/page_0016/col03_char014.png
page_0016,3,nào,㝹,U+3779,True,3,理,"[856, 1450, 954, 1538]",crops/page_0016/col03_char015.png
page_0016,3,Lẽ,󱪉,U+F1A89,True,3,次,"[856, 1538, 954, 1626]",crops/page_0016/col03_char016.png
page_0016,3,thứ,次,U+6B21,True,3,唱,"[856, 1626, 954, 1713]",crops/page_0016/col03_char017.png
page_0016,3,hai,檯,U+6AAF,True,3,衣,"[856, 1713, 954, 1801]",crops/page_0016/col03_char018.png
page_0016,3,I,,,False,0,干,"[856, 1801, 954, 1889]",crops/page_0016/col03_char019.png
page_0016,3,ghê,䚵,U+46B5,True,3,計,"[856, 1889, 954, 1977]",crops/page_0016/col03_char020.png
page_0016,4,rê,,,False,0,,,
page_0016,4,gia,𬞠,U+2C7A0,True,3,移,"[714, 55, 823, 139]",crops/page_0016/col04_char000.png
page_0016,4,làm,妪,U+59AA,True,3,如,"[714, 139, 823, 224]",crops/page_0016/col04_char001.png
page_0016,4,lễ,蠡,U+8821,True,3,白,"[714, 224, 823, 309]",crops/page_0016/col04_char002.png
page_0016,4,này,忾,U+5FFE,True,3,礼,"[714, 309, 823, 394]",crops/page_0016/col04_char003.png
page_0016,4,có,窖,U+7A96,True,3,尺,"[714, 394, 823, 479]",crops/page_0016/col04_char004.png
page_0016,4,ý,懿,U+61FF,True,3,固,"[714, 479, 823, 564]",crops/page_0016/col04_char005.png
page_0016,4,khuyên,认,U+8BA4,True,3,人,"[714, 564, 823, 649]",crops/page_0016/col04_char006.png
page_0016,4,các,格,U+683C,True,3,觔,"[714, 649, 823, 733]",crops/page_0016/col04_char007.png
page_0016,4,con,𫴾,U+2BD3E,True,3,各,"[714, 733, 823, 818]",crops/page_0016/col04_char008.png
page_0016,4,cái,𡛔,U+216D4,True,3,昆,"[714, 818, 823, 903]",crops/page_0016/col04_char009.png
page_0016,4,mình,銊,U+928A,True,3,威,"[714, 903, 823, 988]",crops/page_0016/col04_char010.png
page_0016,4,soi,嬌,U+5B0C,True,3,燔,"[714, 988, 823, 1073]",crops/page_0016/col04_char011.png
page_0016,4,gương,𦝄,U+26744,True,3,嗣,"[714, 1073, 823, 1158]",crops/page_0016/col04_char012.png
page_0016,4,sáng,匋,U+530B,True,3,劄,"[714, 1158, 823, 1243]",crops/page_0016/col04_char013.png
page_0016,4,các,各,U+5404,True,1,各,"[714, 1243, 823, 1328]",crops/page_0016/col04_char014.png
page_0016,4,Thánh,垩,U+57A9,True,1,垩,"[714, 1328, 823, 1412]",crops/page_0016/col04_char015.png
page_0016,4,mà,麻,U+9EBB,True,1,麻,"[714, 1412, 823, 1497]",crops/page_0016/col04_char016.png
page_0016,4,bắt,扒,U+6252,True,1,扒,"[714, 1497, 823, 1582]",crops/page_0016/col04_char017.png
page_0016,4,chước,斫,U+65AB,True,1,斫,"[714, 1582, 823, 1667]",crops/page_0016/col04_char018.png
page_0016,4,như,如,U+5982,True,1,如,"[714, 1667, 823, 1752]",crops/page_0016/col04_char019.png
page_0016,4,làm,𫜵,U+2B735,True,3,人,"[714, 1752, 823, 1837]",crops/page_0016/col04_char020.png
page_0016,4,vậy,丕,U+4E15,True,2,不,"[714, 1837, 823, 1922]",crops/page_0016/col04_char021.png
page_0016,4,Người,㝵,U+3775,True,1,㝵,"[714, 1922, 823, 2006]",crops/page_0016/col04_char022.png
page_0016,5,,,,False,0,,,
page_0016,5,ấy,𧘇,U+27607,True,3,色,"[564, 140, 678, 229]",crops/page_0016/col05_char000.png
page_0016,5,đã,拷,U+62F7,True,3,特,"[564, 229, 678, 317]",crops/page_0016/col05_char001.png
page_0016,5,được,𩖫,U+295AB,True,3,賊,"[564, 317, 678, 406]",crops/page_0016/col05_char002.png
page_0016,5,giặc,蛰,U+86F0,True,3,異,"[564, 406, 678, 494]",crops/page_0016/col05_char003.png
page_0016,5,là,𥯨,U+25BE8,True,3,思,"[564, 494, 678, 583]",crops/page_0016/col05_char004.png
page_0016,5,quỷ,𩲡,U+29CA1,True,3,共,"[564, 583, 678, 672]",crops/page_0016/col05_char005.png
page_0016,5,cùng,売,U+58F2,True,3,壳,"[564, 672, 678, 760]",crops/page_0016/col05_char006.png
page_0016,5,xác,慤,U+6164,True,3,卅,"[564, 760, 678, 849]",crops/page_0016/col05_char007.png
page_0016,5,là,容,U+5BB9,True,3,庒,"[564, 849, 678, 937]",crops/page_0016/col05_char008.png
page_0016,5,chẳng,𢫑,U+22AD1,True,3,𨸲,"[564, 937, 678, 1026]",crops/page_0016/col05_char009.png
page_0016,5,phải,朝,U+671D,True,3,𩔗,"[564, 1026, 678, 1115]",crops/page_0016/col05_char010.png
page_0016,5,loài,窵,U+7AB5,True,3,竈,"[564, 1115, 678, 1203]",crops/page_0016/col05_char011.png
page_0016,5,khác,恪,U+606A,True,1,恪,"[564, 1203, 678, 1292]",crops/page_0016/col05_char012.png
page_0016,5,vì,爲,U+7232,True,1,爲,"[564, 1292, 678, 1380]",crops/page_0016/col05_char013.png
page_0016,5,cũng,拱,U+62F1,True,1,拱,"[564, 1380, 678, 1469]",crops/page_0016/col05_char014.png
page_0016,5,là,𬗢,U+2C5E2,True,3,兴,"[564, 1469, 678, 1558]",crops/page_0016/col05_char015.png
page_0016,5,loài,𩔖,U+29516,True,1,𩔖,"[564, 1558, 678, 1646]",crops/page_0016/col05_char016.png
page_0016,5,người,㝵,U+3775,True,1,㝵,"[564, 1646, 678, 1735]",crops/page_0016/col05_char017.png
page_0016,5,ta,些,U+4E9B,True,1,些,"[564, 1735, 678, 1823]",crops/page_0016/col05_char018.png
page_0016,5,cũng,共,U+5171,True,1,共,"[564, 1823, 678, 1912]",crops/page_0016/col05_char019.png
page_0016,5,có,固,U+56FA,True,1,固,"[564, 1912, 678, 2001]",crops/page_0016/col05_char020.png
page_0016,6,xương,喝,U+559D,True,3,曷,"[427, 55, 527, 143]",crops/page_0016/col06_char000.png
page_0016,6,thịt,𬚸,U+2C6B8,True,3,胡,"[427, 143, 527, 231]",crops/page_0016/col06_char001.png
page_0016,6,yếu,要,U+8981,True,1,要,"[427, 231, 527, 319]",crops/page_0016/col06_char002.png
page_0016,6,đuối,対,U+5BFE,True,2,对,"[427, 319, 527, 407]",crops/page_0016/col06_char003.png
page_0016,6,cùng,共,U+5171,True,1,共,"[427, 407, 527, 495]",crops/page_0016/col06_char004.png
page_0016,6,phải,海,U+6D77,True,3,涕,"[427, 495, 527, 584]",crops/page_0016/col06_char005.png
page_0016,6,nhiều,嬈,U+5B08,True,2,燒,"[427, 584, 527, 672]",crops/page_0016/col06_char006.png
page_0016,6,chước,斫,U+65AB,True,1,斫,"[427, 672, 527, 760]",crops/page_0016/col06_char007.png
page_0016,6,ma,𢊑,U+22291,True,3,懬,"[427, 760, 527, 848]",crops/page_0016/col06_char008.png
page_0016,6,quỷ,鬼,U+9B3C,True,3,思,"[427, 848, 527, 936]",crops/page_0016/col06_char009.png
page_0016,6,Khi,欺,U+6B3A,True,1,欺,"[427, 936, 527, 1025]",crops/page_0016/col06_char010.png
page_0016,6,người,奡,U+5961,True,3,昇,"[427, 1025, 527, 1113]",crops/page_0016/col06_char011.png
page_0016,6,còn,󱫦,U+F1AE6,True,3,洋,"[427, 1113, 527, 1201]",crops/page_0016/col06_char012.png
page_0016,6,mạnh,孟,U+5B5F,True,1,孟,"[427, 1201, 527, 1289]",crops/page_0016/col06_char013.png
page_0016,6,mà,麻,U+9EBB,True,1,麻,"[427, 1289, 527, 1377]",crops/page_0016/col06_char014.png
page_0016,6,phá,破,U+7834,True,1,破,"[427, 1377, 527, 1465]",crops/page_0016/col06_char015.png
page_0016,6,được,特,U+7279,True,1,特,"[427, 1465, 527, 1554]",crops/page_0016/col06_char016.png
page_0016,6,những,仍,U+4ECD,True,1,仍,"[427, 1554, 527, 1642]",crops/page_0016/col06_char017.png
page_0016,6,sự,事,U+4E8B,True,1,事,"[427, 1642, 527, 1730]",crops/page_0016/col06_char018.png
page_0016,6,nghịch,逆,U+9006,True,1,逆,"[427, 1730, 527, 1818]",crops/page_0016/col06_char019.png
page_0016,6,cùng,共,U+5171,True,1,共,"[427, 1818, 527, 1906]",crops/page_0016/col06_char020.png
page_0016,6,mình,𠇮,U+201EE,True,1,𠇮,"[427, 1906, 527, 1995]",crops/page_0016/col06_char021.png
page_0016,7,thì,時,U+6642,True,1,時,"[279, 47, 388, 135]",crops/page_0016/col07_char000.png
page_0016,7,ta,些,U+4E9B,True,1,些,"[279, 135, 388, 224]",crops/page_0016/col07_char001.png
page_0016,7,cũng,拱,U+62F1,True,1,拱,"[279, 224, 388, 313]",crops/page_0016/col07_char002.png
page_0016,7,phải,𢭄,U+22B44,True,3,忌,"[279, 313, 388, 402]",crops/page_0016/col07_char003.png
page_0016,7,cậy,梞,U+689E,True,3,𮟃,"[279, 402, 388, 491]",crops/page_0016/col07_char004.png
page_0016,7,trông,篭,U+7BED,True,1,篭,"[279, 491, 388, 579]",crops/page_0016/col07_char005.png
page_0016,7,theo,燒,U+71D2,True,1,燒,"[279, 579, 388, 668]",crops/page_0016/col07_char006.png
page_0016,7,chân,真,U+771F,True,1,真,"[279, 668, 388, 757]",crops/page_0016/col07_char007.png
page_0016,7,các,各,U+5404,True,1,各,"[279, 757, 388, 846]",crops/page_0016/col07_char008.png
page_0016,7,Thánh,垩,U+57A9,True,1,垩,"[279, 846, 388, 935]",crops/page_0016/col07_char009.png
page_0016,7,mà,麻,U+9EBB,True,1,麻,"[279, 935, 388, 1024]",crops/page_0016/col07_char010.png
page_0016,7,hưởng,享,U+4EAB,True,1,享,"[279, 1024, 388, 1112]",crops/page_0016/col07_char011.png
page_0016,7,phúc,福,U+798F,True,1,福,"[279, 1112, 388, 1201]",crops/page_0016/col07_char012.png
page_0016,7,cùng,共,U+5171,True,1,共,"[279, 1201, 388, 1290]",crops/page_0016/col07_char013.png
page_0016,7,các,各,U+5404,True,1,各,"[279, 1290, 388, 1379]",crops/page_0016/col07_char014.png
page_0016,7,Thánh,垩,U+57A9,True,1,垩,"[279, 1379, 388, 1468]",crops/page_0016/col07_char015.png
page_0016,7,nữa,女,U+5973,True,1,女,"[279, 1468, 388, 1556]",crops/page_0016/col07_char016.png
page_0016,7,Có,固,U+56FA,True,1,固,"[279, 1556, 388, 1645]",crops/page_0016/col07_char017.png
page_0016,7,lẽ,理,U+7406,True,1,理,"[279, 1645, 388, 1734]",crops/page_0016/col07_char018.png
page_0016,7,gì,之,U+4E4B,True,1,之,"[279, 1734, 388, 1823]",crops/page_0016/col07_char019.png
page_0016,7,mà,麻,U+9EBB,True,1,麻,"[279, 1823, 388, 1912]",crops/page_0016/col07_char020.png
page_0016,7,thấy,体,U+4F53,True,1,体,"[279, 1912, 388, 2001]",crops/page_0016/col07_char021.png
page_0016,8,các,各,U+5404,True,1,各,"[152, 53, 259, 142]",crops/page_0016/col08_char000.png
page_0016,8,Thánh,垩,U+57A9,True,1,垩,"[152, 142, 259, 231]",crops/page_0016/col08_char001.png
page_0016,8,phải,伂,U+4F02,True,2,怖,"[152, 231, 259, 320]",crops/page_0016/col08_char002.png
page_0016,8,dấu,𧿫,U+27FEB,True,2,蚪,"[152, 320, 259, 409]",crops/page_0016/col08_char003.png
page_0016,8,tích,跡,U+8DE1,True,1,跡,"[152, 409, 259, 498]",crops/page_0016/col08_char004.png
page_0016,8,ở,於,U+65BC,True,1,於,"[152, 498, 259, 587]",crops/page_0016/col08_char005.png
page_0016,8,mình,命,U+547D,True,1,命,"[152, 587, 259, 676]",crops/page_0016/col08_char006.png
page_0016,8,mà,麻,U+9EBB,True,1,麻,"[152, 676, 259, 765]",crops/page_0016/col08_char007.png
page_0016,8,bởi,罢,U+7F62,True,1,罢,"[152, 765, 259, 854]",crops/page_0016/col08_char008.png
page_0016,8,dấu,𧿫,U+27FEB,True,2,蚪,"[152, 854, 259, 943]",crops/page_0016/col08_char009.png
page_0016,8,ấy,妤,U+59A4,True,3,伐,"[152, 943, 259, 1032]",crops/page_0016/col08_char010.png
page_0016,8,được,特,U+7279,True,1,特,"[152, 1032, 259, 1121]",crops/page_0016/col08_char011.png
page_0016,8,phúc,福,U+798F,True,1,福,"[152, 1121, 259, 1210]",crops/page_0016/col08_char012.png
page_0016,8,chẳng,庒,U+5E92,True,1,庒,"[152, 1210, 259, 1299]",crops/page_0016/col08_char013.png
page_0016,8,hề,兮,U+516E,True,1,兮,"[152, 1299, 259, 1388]",crops/page_0016/col08_char014.png
page_0016,8,có,固,U+56FA,True,1,固,"[152, 1388, 259, 1477]",crops/page_0016/col08_char015.png
page_0016,8,hết,歇,U+6B47,True,1,歇,"[152, 1477, 259, 1566]",crops/page_0016/col08_char016.png
page_0016,8,mà,麻,U+9EBB,True,1,麻,"[152, 1566, 259, 1655]",crops/page_0016/col08_char017.png
page_0016,8,mình,纷,U+7EB7,True,3,紛,"[152, 1655, 259, 1744]",crops/page_0016/col08_char018.png
page_0016,8,phải,沛,U+6C9B,True,1,沛,"[152, 1744, 259, 1833]",crops/page_0016/col08_char019.png
page_0016,8,dấu,梪,U+68AA,True,3,呌,"[152, 1833, 259, 1922]",crops/page_0016/col08_char020.png
page_0016,8,chịu,召,U+53EC,True,1,召,"[152, 1922, 259, 2011]",crops/page_0016/col08_char021.png
page_0016,9,như,如,U+5982,True,1,如,"[7, 60, 109, 147]",crops/page_0016/col09_char000.png
page_0016,9,làm,𫜵,U+2B735,True,3,而,"[7, 147, 109, 235]",crops/page_0016/col09_char001.png
page_0016,9,vậy,丕,U+4E15,True,1,丕,"[7, 235, 109, 323]",crops/page_0016/col09_char002.png
page_0016,9,cho,朱,U+6731,True,1,朱,"[7, 323, 109, 411]",crops/page_0016/col09_char003.png
page_0016,9,được,特,U+7279,True,1,特,"[7, 411, 109, 499]",crops/page_0016/col09_char004.png
page_0016,9,phần,分,U+5206,True,1,分,"[7, 499, 109, 587]",crops/page_0016/col09_char005.png
page_0016,9,vui,盃,U+76C3,True,1,盃,"[7, 587, 109, 675]",crops/page_0016/col09_char006.png
page_0016,9,cùng,共,U+5171,True,1,共,"[7, 675, 109, 762]",crops/page_0016/col09_char007.png
page_0016,9,các,各,U+5404,True,1,各,"[7, 762, 109, 850]",crops/page_0016/col09_char008.png
page_0016,9,anh,孾,U+5B7E,True,2,要,"[7, 850, 109, 938]",crops/page_0016/col09_char009.png
page_0016,9,ta,些,U+4E9B,True,1,些,"[7, 938, 109, 1026]",crops/page_0016/col09_char010.png
page_0016,9,ở,於,U+65BC,True,1,於,"[7, 1026, 109, 1114]",crops/page_0016/col09_char011.png
page_0016,9,trên,連,U+9023,True,1,連,"[7, 1114, 109, 1202]",crops/page_0016/col09_char012.png
page_0016,9,trời,忝,U+5FDD,True,3,乔,"[7, 1202, 109, 1290]",crops/page_0016/col09_char013.png
page_0016,9,Vua,轹,U+8F79,True,3,希,"[7, 1290, 109, 1377]",crops/page_0016/col09_char014.png
page_0016,9,ta,些,U+4E9B,True,1,些,"[7, 1377, 109, 1465]",crops/page_0016/col09_char015.png
page_0016,9,là,𬗢,U+2C5E2,True,3,粤,"[7, 1465, 109, 1553]",crops/page_0016/col09_char016.png
page_0016,9,Đức,仃,U+4EC3,True,3,厅,"[7, 1553, 109, 1641]",crops/page_0016/col09_char017.png
page_0016,9,Chúa,主,U+4E3B,True,1,主,"[7, 1641, 109, 1729]",crops/page_0016/col09_char018.png
page_0016,9,Giê,支,U+652F,True,2,丈,"[7, 1729, 109, 1817]",crops/page_0016/col09_char019.png
page_0016,9,su,秋,U+79CB,True,1,秋,"[7, 1817, 109, 1905]",crops/page_0016/col09_char020.png
page_0016,9,xông,衝,U+885D,True,1,衝,"[7, 1905, 109, 1993]",crops/page_0016/col09_char021.png
