image,nom_char,label,reading,confidence,bbox,page,source
crops_cleaned/page_0012/col01_char000.png,四,U+56DB,Tứ,high,"1149,66,1260,395",12,CacThanhTruyen4
crops_cleaned/page_0012/col01_char001.png,月,U+6708,nguyệt,high,"1149,395,1260,483",12,CacThanhTruyen4
crops_cleaned/page_0012/col01_char002.png,㫾,U+3AFE,tháng,medium,"1149,483,1260,588",12,CacThanhTruyen4
crops_cleaned/page_0012/col01_char003.png,凘,U+51D8,tư,medium,"1149,588,1260,649",12,CacThanhTruyen4
crops_cleaned/page_0012/col01_char004.png,梦,U+68A6,MỒNG,medium,"1149,649,1260,780",12,CacThanhTruyen4
crops_cleaned/page_0012/col01_char005.png,刎,U+520E,MỘT,medium,"1149,780,1260,944",12,CacThanhTruyen4
crops_cleaned/page_0012/col01_char006.png,翁,U+7FC1,Ông,high,"1149,944,1260,1041",12,CacThanhTruyen4
crops_cleaned/page_0012/col01_char007.png,圣,U+5723,Thánh,medium,"1149,1041,1260,1130",12,CacThanhTruyen4
crops_cleaned/page_0012/col01_char008.png,怮,U+602E,U,medium,"1149,1130,1260,1199",12,CacThanhTruyen4
crops_cleaned/page_0012/col01_char009.png,估,U+4F30,cô,medium,"1149,1199,1260,1260",12,CacThanhTruyen4
crops_cleaned/page_0012/col01_char010.png,曰,U+66F0,viết,high,"1149,1260,1260,1352",12,CacThanhTruyen4
crops_cleaned/page_0012/col01_char011.png,釪,U+91EA,vồ,medium,"1149,1352,1260,1431",12,CacThanhTruyen4
crops_cleaned/page_0012/col01_char012.png,傳,U+50B3,truyện,high,"1149,1431,1260,1914",12,CacThanhTruyen4
crops_cleaned/page_0012/col02_char000.png,翁,U+7FC1,Ông,high,"1008,66,1149,126",12,CacThanhTruyen4
crops_cleaned/page_0012/col02_char001.png,圣,U+5723,Thánh,medium,"1008,134,1149,235",12,CacThanhTruyen4
crops_cleaned/page_0012/col02_char002.png,怩,U+6029,này,medium,"1008,259,1149,334",12,CacThanhTruyen4
crops_cleaned/page_0012/col02_char003.png,生,U+751F,sinh,high,"1008,344,1149,415",12,CacThanhTruyen4
crops_cleaned/page_0012/col02_char004.png,囉,U+56C9,ra,medium,"1008,432,1149,502",12,CacThanhTruyen4
crops_cleaned/page_0012/col02_char005.png,於,U+65BC,ở,high,"1008,515,1149,593",12,CacThanhTruyen4
crops_cleaned/page_0012/col02_char006.png,搩,U+6429,nước,medium,"1008,608,1149,691",12,CacThanhTruyen4
crops_cleaned/page_0012/col02_char007.png,玻,U+73BB,Pha,medium,"1008,708,1149,800",12,CacThanhTruyen4
crops_cleaned/page_0012/col02_char008.png,斓,U+6593,lan,medium,"1008,812,1149,913",12,CacThanhTruyen4
crops_cleaned/page_0012/col02_char009.png,桫,U+686B,sa,medium,"1008,921,1149,995",12,CacThanhTruyen4
crops_cleaned/page_0012/col02_char010.png,尼,U+5C3C,nơi,high,"1008,997,1149,1077",12,CacThanhTruyen4
crops_cleaned/page_0012/col02_char011.png,剏,U+524F,sang,medium,"1008,1092,1149,1218",12,CacThanhTruyen4
crops_cleaned/page_0012/col02_char012.png,蚛,U+869B,trọng,medium,"1008,1218,1149,1308",12,CacThanhTruyen4
crops_cleaned/page_0012/col02_char013.png,攲,U+6532,Khi,medium,"1008,1314,1149,1400",12,CacThanhTruyen4
crops_cleaned/page_0012/col02_char014.png,圤,U+5724,người,medium,"1008,1412,1149,1501",12,CacThanhTruyen4
crops_cleaned/page_0012/col02_char015.png,群,U+7FA4,còn,high,"1008,1514,1149,1602",12,CacThanhTruyen4
crops_cleaned/page_0012/col02_char016.png,於,U+65BC,ở,high,"1008,1606,1149,1674",12,CacThanhTruyen4
crops_cleaned/page_0012/col02_char017.png,中,U+4E2D,trong,high,"1008,1691,1149,1768",12,CacThanhTruyen4
crops_cleaned/page_0012/col02_char018.png,炱,U+70B1,thai,medium,"1008,1770,1149,1832",12,CacThanhTruyen4
crops_cleaned/page_0012/col02_char019.png,峕,U+5CD5,thì,medium,"1008,1836,1149,1914",12,CacThanhTruyen4
crops_cleaned/page_0012/col03_char000.png,袄,U+8884,mẹ,medium,"859,66,1008,123",12,CacThanhTruyen4
crops_cleaned/page_0012/col03_char001.png,敬,U+656C,kính,high,"859,125,1008,195",12,CacThanhTruyen4
crops_cleaned/page_0012/col03_char002.png,昆,U+6606,con,high,"859,207,1008,275",12,CacThanhTruyen4
crops_cleaned/page_0012/col03_char003.png,凜,U+51DC,lắm,high,"859,286,1008,380",12,CacThanhTruyen4
crops_cleaned/page_0012/col03_char004.png,爲,U+7232,vì,high,"859,390,1008,486",12,CacThanhTruyen4
crops_cleaned/page_0012/col03_char005.png,想,U+60F3,tưởng,high,"859,491,1008,580",12,CacThanhTruyen4
crops_cleaned/page_0012/col03_char006.png,体,U+4F53,thấy,high,"859,588,1008,654",12,CacThanhTruyen4
crops_cleaned/page_0012/col03_char007.png,翁,U+7FC1,ông,high,"859,661,1008,766",12,CacThanhTruyen4
crops_cleaned/page_0012/col03_char008.png,聖,U+8056,Thánh,medium,"859,778,1008,830",12,CacThanhTruyen4
crops_cleaned/page_0012/col03_char009.png,批,U+6279,Phê,high,"859,831,1008,877",12,CacThanhTruyen4
crops_cleaned/page_0012/col03_char010.png,鮋,U+9B8B,rô,medium,"859,880,1008,944",12,CacThanhTruyen4
crops_cleaned/page_0012/col03_char012.png,剾,U+527E,đem,medium,"859,972,1008,1135",12,CacThanhTruyen4
crops_cleaned/page_0012/col03_char013.png,昆,U+6606,con,high,"859,1152,1008,1226",12,CacThanhTruyen4
crops_cleaned/page_0012/col03_char014.png,命,U+547D,mình,high,"859,1228,1008,1377",12,CacThanhTruyen4
crops_cleaned/page_0012/col03_char015.png,涟,U+6D9F,liên,medium,"859,1377,1008,1412",12,CacThanhTruyen4
crops_cleaned/page_0012/col03_char016.png,塒,U+5852,thì,medium,"859,1413,1008,1499",12,CacThanhTruyen4
crops_cleaned/page_0012/col03_char017.png,袄,U+8884,mẹ,medium,"859,1507,1008,1599",12,CacThanhTruyen4
crops_cleaned/page_0012/col03_char018.png,厶,U+53B6,mới,medium,"859,1603,1008,1631",12,CacThanhTruyen4
crops_cleaned/page_0012/col03_char019.png,别,U+522B,biết,high,"859,1631,1008,1692",12,CacThanhTruyen4
crops_cleaned/page_0012/col03_char020.png,昆,U+6606,con,high,"859,1692,1008,1857",12,CacThanhTruyen4
crops_cleaned/page_0012/col03_char021.png,挧,U+6327,ngày,medium,"859,1859,1008,1914",12,CacThanhTruyen4
crops_cleaned/page_0012/col04_char000.png,畧,U+7567,sau,medium,"721,66,859,122",12,CacThanhTruyen4
crops_cleaned/page_0012/col04_char001.png,特,U+7279,được,high,"721,122,859,195",12,CacThanhTruyen4
crops_cleaned/page_0012/col04_char002.png,聀,U+8040,chức,high,"721,195,859,277",12,CacThanhTruyen4
crops_cleaned/page_0012/col04_char003.png,瑰,U+7470,coi,medium,"721,282,859,374",12,CacThanhTruyen4
crops_cleaned/page_0012/col04_char004.png,本,U+672C,bổn,high,"721,377,859,457",12,CacThanhTruyen4
crops_cleaned/page_0012/col04_char005.png,導,U+5C0E,đạo,medium,"721,466,859,520",12,CacThanhTruyen4
crops_cleaned/page_0012/col04_char007.png,喡,U+55A1,và,medium,"721,543,859,630",12,CacThanhTruyen4
crops_cleaned/page_0012/col04_char008.png,惵,U+60F5,đẹp,medium,"721,630,859,811",12,CacThanhTruyen4
crops_cleaned/page_0012/col04_char009.png,弄,U+5F04,lòng,high,"721,818,859,853",12,CacThanhTruyen4
crops_cleaned/page_0012/col04_char010.png,徳,U+5FB3,Đức,high,"721,853,859,977",12,CacThanhTruyen4
crops_cleaned/page_0012/col04_char011.png,主,U+4E3B,Chúa,high,"721,986,859,1047",12,CacThanhTruyen4
crops_cleaned/page_0012/col04_char012.png,天,U+5929,Trời,medium,"721,1057,859,1139",12,CacThanhTruyen4
crops_cleaned/page_0012/col04_char013.png,丕,U+4E15,Vậy,high,"721,1150,859,1203",12,CacThanhTruyen4
crops_cleaned/page_0012/col04_char014.png,袄,U+8884,mẹ,medium,"721,1212,859,1301",12,CacThanhTruyen4
crops_cleaned/page_0012/col04_char015.png,餒,U+9912,nuôi,high,"721,1309,859,1385",12,CacThanhTruyen4
crops_cleaned/page_0012/col04_char016.png,昆,U+6606,con,high,"721,1399,859,1470",12,CacThanhTruyen4
crops_cleaned/page_0012/col04_char017.png,侞,U+4F9E,như,medium,"721,1487,859,1533",12,CacThanhTruyen4
crops_cleaned/page_0012/col04_char018.png,古,U+53E4,của,high,"721,1547,859,1610",12,CacThanhTruyen4
crops_cleaned/page_0012/col04_char019.png,米,U+7C73,về,medium,"721,1621,859,1695",12,CacThanhTruyen4
crops_cleaned/page_0012/col04_char020.png,旹,U+65F9,trời,medium,"721,1700,859,1715",12,CacThanhTruyen4
crops_cleaned/page_0012/col04_char021.png,庄,U+5E84,chẳng,high,"721,1715,859,1850",12,CacThanhTruyen4
crops_cleaned/page_0012/col04_char022.png,拝,U+62DD,phải,medium,"721,1854,859,1914",12,CacThanhTruyen4
crops_cleaned/page_0012/col05_char000.png,米,U+7C73,về,medium,"580,104,721,173",12,CacThanhTruyen4
crops_cleaned/page_0012/col05_char001.png,世,U+4E16,thế,high,"580,184,721,249",12,CacThanhTruyen4
crops_cleaned/page_0012/col05_char002.png,姦,U+59E6,gian,medium,"580,259,721,341",12,CacThanhTruyen4
crops_cleaned/page_0012/col05_char003.png,嘛,U+561B,mà,medium,"580,349,721,418",12,CacThanhTruyen4
crops_cleaned/page_0012/col05_char004.png,昆,U+6606,con,high,"580,435,721,507",12,CacThanhTruyen4
crops_cleaned/page_0012/col05_char005.png,咛,U+549B,giữ,medium,"580,525,721,589",12,CacThanhTruyen4
crops_cleaned/page_0012/col05_char006.png,涅,U+6D85,nết,high,"580,604,721,669",12,CacThanhTruyen4
crops_cleaned/page_0012/col05_char007.png,廩,U+5EE9,lắm,high,"580,683,721,707",12,CacThanhTruyen4
crops_cleaned/page_0012/col05_char008.png,朱,U+6731,cho,high,"580,707,721,783",12,CacThanhTruyen4
crops_cleaned/page_0012/col05_char009.png,年,U+5E74,nên,high,"580,790,721,857",12,CacThanhTruyen4
crops_cleaned/page_0012/col05_char010.png,時,U+6642,ngày,medium,"580,870,721,939",12,CacThanhTruyen4
crops_cleaned/page_0012/col05_char011.png,畧,U+7567,sau,medium,"580,948,721,1026",12,CacThanhTruyen4
crops_cleaned/page_0012/col05_char012.png,特,U+7279,được,high,"580,1031,721,1098",12,CacThanhTruyen4
crops_cleaned/page_0012/col05_char013.png,爫,U+722B,làm,medium,"580,1098,721,1183",12,CacThanhTruyen4
crops_cleaned/page_0012/col05_char014.png,曰,U+66F0,viết,high,"580,1198,721,1244",12,CacThanhTruyen4
crops_cleaned/page_0012/col05_char015.png,撫,U+64AB,vồ,medium,"580,1267,721,1309",12,CacThanhTruyen4
crops_cleaned/page_0012/col05_char016.png,诚,U+8BDA,thành,medium,"580,1328,721,1408",12,CacThanhTruyen4
crops_cleaned/page_0012/col05_char018.png,囉,U+56C9,ra,medium,"580,1465,721,1552",12,CacThanhTruyen4
crops_cleaned/page_0012/col05_char019.png,駑,U+99D1,nô,medium,"580,1559,721,1625",12,CacThanhTruyen4
crops_cleaned/page_0012/col05_char020.png,翡,U+7FE1,bi,medium,"580,1629,721,1682",12,CacThanhTruyen4
crops_cleaned/page_0012/col05_char022.png,攲,U+6532,khi,medium,"580,1775,721,1849",12,CacThanhTruyen4
crops_cleaned/page_0012/col05_char023.png,畧,U+7567,trước,high,"580,1849,721,1914",12,CacThanhTruyen4
crops_cleaned/page_0012/col06_char000.png,圤,U+5724,người,medium,"444,66,580,115",12,CacThanhTruyen4
crops_cleaned/page_0012/col06_char001.png,庄,U+5E84,chẳng,high,"444,129,580,191",12,CacThanhTruyen4
crops_cleaned/page_0012/col06_char002.png,召,U+53EC,chịu,high,"444,210,580,275",12,CacThanhTruyen4
crops_cleaned/page_0012/col06_char003.png,聀,U+8040,chức,high,"444,275,580,365",12,CacThanhTruyen4
crops_cleaned/page_0012/col06_char004.png,意,U+610F,ấy,high,"444,373,580,476",12,CacThanhTruyen4
crops_cleaned/page_0012/col06_char005.png,嘛,U+561B,mà,medium,"444,478,580,553",12,CacThanhTruyen4
crops_cleaned/page_0012/col06_char006.png,徳,U+5FB3,đức,high,"444,565,580,646",12,CacThanhTruyen4
crops_cleaned/page_0012/col06_char007.png,圣,U+5723,thánh,medium,"444,653,580,736",12,CacThanhTruyen4
crops_cleaned/page_0012/col06_char008.png,玻,U+73BB,Pha,medium,"444,751,580,828",12,CacThanhTruyen4
crops_cleaned/page_0012/col06_char009.png,玻,U+73BB,pha,medium,"444,844,580,890",12,CacThanhTruyen4
crops_cleaned/page_0012/col06_char010.png,囉,U+56C9,là,medium,"444,902,580,989",12,CacThanhTruyen4
crops_cleaned/page_0012/col06_char011.png,乩,U+4E69,Ghê,medium,"444,989,580,1078",12,CacThanhTruyen4
crops_cleaned/page_0012/col06_char012.png,嚟,U+569F,rê,medium,"444,1085,580,1153",12,CacThanhTruyen4
crops_cleaned/page_0012/col06_char013.png,𪂯,U+2A0AF,gô,medium,"444,1166,580,1222",12,CacThanhTruyen4
crops_cleaned/page_0012/col06_char014.png,鴺,U+9D3A,ri,medium,"444,1231,580,1301",12,CacThanhTruyen4
crops_cleaned/page_0012/col06_char015.png,乌,U+4E4C,ô,medium,"444,1316,580,1398",12,CacThanhTruyen4
crops_cleaned/page_0012/col06_char016.png,恕,U+6055,thứ,medium,"444,1410,580,1474",12,CacThanhTruyen4
crops_cleaned/page_0012/col06_char017.png,罢,U+7F62,bảy,high,"444,1479,580,1506",12,CacThanhTruyen4
crops_cleaned/page_0012/col06_char018.png,押,U+62BC,ép,high,"444,1506,580,1627",12,CacThanhTruyen4
crops_cleaned/page_0012/col06_char019.png,圤,U+5724,người,medium,"444,1627,580,1710",12,CacThanhTruyen4
crops_cleaned/page_0012/col06_char020.png,召,U+53EC,chịu,high,"444,1718,580,1781",12,CacThanhTruyen4
crops_cleaned/page_0012/col06_char021.png,庄,U+5E84,chẳng,high,"444,1787,580,1846",12,CacThanhTruyen4
crops_cleaned/page_0012/col06_char022.png,塊,U+584A,khỏi,high,"444,1852,580,1914",12,CacThanhTruyen4
crops_cleaned/page_0012/col07_char000.png,侼,U+4FBC,hai,medium,"313,96,444,184",12,CacThanhTruyen4
crops_cleaned/page_0012/col07_char001.png,璏,U+748F,năm,medium,"313,185,444,264",12,CacThanhTruyen4
crops_cleaned/page_0012/col07_char002.png,勜,U+52DC,người,medium,"313,275,444,371",12,CacThanhTruyen4
crops_cleaned/page_0012/col07_char003.png,狻,U+72FB,toan,medium,"313,375,444,461",12,CacThanhTruyen4
crops_cleaned/page_0012/col07_char004.png,磁,U+78C1,từ,medium,"313,461,444,474",12,CacThanhTruyen4
crops_cleaned/page_0012/col07_char005.png,聀,U+8040,chức,high,"313,474,444,547",12,CacThanhTruyen4
crops_cleaned/page_0012/col07_char006.png,意,U+610F,ấy,high,"313,554,444,652",12,CacThanhTruyen4
crops_cleaned/page_0012/col07_char007.png,饒,U+9952,nhiều,high,"313,665,444,751",12,CacThanhTruyen4
crops_cleaned/page_0012/col07_char008.png,吝,U+541D,lần,high,"313,765,444,844",12,CacThanhTruyen4
crops_cleaned/page_0012/col07_char009.png,双,U+53CC,Song,high,"313,856,444,910",12,CacThanhTruyen4
crops_cleaned/page_0012/col07_char010.png,藜,U+85DC,le,medium,"313,914,444,999",12,CacThanhTruyen4
crops_cleaned/page_0012/col07_char011.png,各,U+5404,các,high,"313,1005,444,1062",12,CacThanhTruyen4
crops_cleaned/page_0012/col07_char012.png,玻,U+73BB,Pha,medium,"313,1076,444,1145",12,CacThanhTruyen4
crops_cleaned/page_0012/col07_char013.png,玻,U+73BB,pha,medium,"313,1154,444,1200",12,CacThanhTruyen4
crops_cleaned/page_0012/col07_char014.png,畱,U+7571,sau,medium,"313,1210,444,1295",12,CacThanhTruyen4
crops_cleaned/page_0012/col07_char015.png,庄,U+5E84,chẳng,high,"313,1301,444,1361",12,CacThanhTruyen4
crops_cleaned/page_0012/col07_char016.png,宜,U+5B9C,nghe,high,"313,1374,444,1446",12,CacThanhTruyen4
crops_cleaned/page_0012/col07_char017.png,刎,U+520E,một,medium,"313,1460,444,1528",12,CacThanhTruyen4
crops_cleaned/page_0012/col07_char018.png,勧,U+52E7,khuyên,high,"313,1541,444,1630",12,CacThanhTruyen4
crops_cleaned/page_0012/col07_char019.png,召,U+53EC,chịu,high,"313,1641,444,1705",12,CacThanhTruyen4
crops_cleaned/page_0012/col07_char020.png,物,U+7269,vậy,medium,"313,1738,444,1783",12,CacThanhTruyen4
crops_cleaned/page_0012/col07_char021.png,喡,U+55A1,và,medium,"313,1783,444,1853",12,CacThanhTruyen4
crops_cleaned/page_0012/col07_char022.png,骾,U+9ABE,gánh,medium,"313,1853,444,1914",12,CacThanhTruyen4
crops_cleaned/page_0012/col08_char000.png,古,U+53E4,của,high,"178,66,313,97",12,CacThanhTruyen4
crops_cleaned/page_0012/col08_char001.png,曩,U+66E9,nặng,medium,"178,97,313,198",12,CacThanhTruyen4
crops_cleaned/page_0012/col08_char002.png,意,U+610F,ấy,high,"178,210,313,311",12,CacThanhTruyen4
crops_cleaned/page_0012/col08_char003.png,囉,U+56C9,là,medium,"178,326,313,394",12,CacThanhTruyen4
crops_cleaned/page_0012/col08_char004.png,袩,U+88A9,xem,medium,"178,405,313,473",12,CacThanhTruyen4
crops_cleaned/page_0012/col08_char005.png,蒴,U+84B4,sóc,medium,"178,487,313,559",12,CacThanhTruyen4
crops_cleaned/page_0012/col08_char006.png,各,U+5404,các,high,"178,570,313,642",12,CacThanhTruyen4
crops_cleaned/page_0012/col08_char007.png,囹,U+56F9,linh,medium,"178,654,313,744",12,CacThanhTruyen4
crops_cleaned/page_0012/col08_char008.png,琿,U+743F,hồn,medium,"178,753,313,838",12,CacThanhTruyen4
crops_cleaned/page_0012/col08_char009.png,昆,U+6606,con,high,"178,855,313,922",12,CacThanhTruyen4
crops_cleaned/page_0012/col08_char010.png,徳,U+5FB3,Đức,high,"178,936,313,1005",12,CacThanhTruyen4
crops_cleaned/page_0012/col08_char011.png,主,U+4E3B,Chúa,high,"178,1021,313,1074",12,CacThanhTruyen4
crops_cleaned/page_0012/col08_char012.png,支,U+652F,Giê,high,"178,1081,313,1146",12,CacThanhTruyen4
crops_cleaned/page_0012/col08_char013.png,秋,U+79CB,su,high,"178,1160,313,1224",12,CacThanhTruyen4
crops_cleaned/page_0012/col08_char014.png,汖,U+6C56,xưa,medium,"178,1237,313,1305",12,CacThanhTruyen4
crops_cleaned/page_0012/col08_char015.png,礼,U+793C,lấy,high,"178,1318,313,1371",12,CacThanhTruyen4
crops_cleaned/page_0012/col08_char016.png,泖,U+6CD6,máu,medium,"178,1388,313,1460",12,CacThanhTruyen4
crops_cleaned/page_0012/col08_char017.png,命,U+547D,mình,high,"178,1467,313,1528",12,CacThanhTruyen4
crops_cleaned/page_0012/col08_char018.png,蔴,U+8534,mà,medium,"178,1528,313,1617",12,CacThanhTruyen4
crops_cleaned/page_0012/col08_char019.png,贖,U+8D16,chuộc,high,"178,1625,313,1725",12,CacThanhTruyen4
crops_cleaned/page_0012/col08_char020.png,物,U+7269,Vậy,medium,"178,1736,313,1798",12,CacThanhTruyen4
crops_cleaned/page_0012/col08_char021.png,圤,U+5724,người,medium,"178,1806,313,1898",12,CacThanhTruyen4
crops_cleaned/page_0012/col09_char001.png,派,U+6D3E,phải,medium,"48,115,178,177",12,CacThanhTruyen4
crops_cleaned/page_0012/col09_char002.png,召,U+53EC,chịu,high,"48,180,178,264",12,CacThanhTruyen4
crops_cleaned/page_0012/col09_char003.png,聀,U+8040,chức,high,"48,275,178,379",12,CacThanhTruyen4
crops_cleaned/page_0012/col09_char004.png,意,U+610F,ấy,high,"48,392,178,464",12,CacThanhTruyen4
crops_cleaned/page_0012/col09_char005.png,惞,U+60DE,hơn,medium,"48,473,178,563",12,CacThanhTruyen4
crops_cleaned/page_0012/col09_char006.png,璏,U+748F,năm,medium,"48,563,178,653",12,CacThanhTruyen4
crops_cleaned/page_0012/col09_char007.png,迈,U+8FC8,mươi,medium,"48,659,178,738",12,CacThanhTruyen4
crops_cleaned/page_0012/col09_char008.png,璏,U+748F,năm,medium,"48,738,178,821",12,CacThanhTruyen4
crops_cleaned/page_0012/col09_char009.png,陾,U+967E,nhưng,medium,"48,833,178,891",12,CacThanhTruyen4
crops_cleaned/page_0012/col09_char010.png,嘛,U+561B,mà,medium,"48,897,178,966",12,CacThanhTruyen4
crops_cleaned/page_0012/col09_char011.png,饒,U+9952,nhiều,high,"48,979,178,1057",12,CacThanhTruyen4
crops_cleaned/page_0012/col09_char012.png,功,U+529F,công,high,"48,1070,178,1128",12,CacThanhTruyen4
crops_cleaned/page_0012/col09_char013.png,凜,U+51DC,lắm,high,"48,1140,178,1224",12,CacThanhTruyen4
crops_cleaned/page_0012/col09_char014.png,喡,U+55A1,và,medium,"48,1231,178,1328",12,CacThanhTruyen4
crops_cleaned/page_0012/col09_char015.png,朱,U+6731,cho,high,"48,1328,178,1395",12,CacThanhTruyen4
crops_cleaned/page_0012/col09_char016.png,命,U+547D,mình,high,"48,1406,178,1535",12,CacThanhTruyen4
crops_cleaned/page_0012/col09_char017.png,喡,U+55A1,và,medium,"48,1535,178,1594",12,CacThanhTruyen4
crops_cleaned/page_0012/col09_char018.png,朱,U+6731,cho,high,"48,1594,178,1649",12,CacThanhTruyen4
crops_cleaned/page_0012/col09_char019.png,本,U+672C,bổn,high,"48,1653,178,1708",12,CacThanhTruyen4
crops_cleaned/page_0012/col09_char020.png,稻,U+7A3B,đạo,medium,"48,1727,178,1808",12,CacThanhTruyen4
crops_cleaned/page_0012/col09_char021.png,畧,U+7567,Trước,high,"48,1809,178,1912",12,CacThanhTruyen4
crops_cleaned/page_0014/col01_char000.png,歇,U+6B47,hết,high,"1191,66,1322,139",14,CacThanhTruyen4
crops_cleaned/page_0014/col01_char001.png,徳,U+5FB3,Đức,high,"1191,150,1322,221",14,CacThanhTruyen4
crops_cleaned/page_0014/col01_char002.png,主,U+4E3B,Chúa,high,"1191,246,1322,292",14,CacThanhTruyen4
crops_cleaned/page_0014/col01_char003.png,旹,U+65F9,Trời,medium,"1191,306,1322,386",14,CacThanhTruyen4
crops_cleaned/page_0014/col01_char004.png,此,U+6B64,thử,high,"1191,393,1322,463",14,CacThanhTruyen4
crops_cleaned/page_0014/col01_char005.png,昆,U+6606,người,medium,"1191,483,1322,562",14,CacThanhTruyen4
crops_cleaned/page_0014/col01_char006.png,欣,U+6B23,hơn,high,"1191,573,1322,647",14,CacThanhTruyen4
crops_cleaned/page_0014/col01_char007.png,厰,U+53B0,mười,medium,"1191,658,1322,751",14,CacThanhTruyen4
crops_cleaned/page_0014/col01_char008.png,本,U+672C,bốn,high,"1191,751,1322,800",14,CacThanhTruyen4
crops_cleaned/page_0014/col01_char009.png,朩,U+6729,năm,medium,"1191,810,1322,884",14,CacThanhTruyen4
crops_cleaned/page_0014/col01_char010.png,爲,U+7232,vì,high,"1191,895,1322,978",14,CacThanhTruyen4
crops_cleaned/page_0014/col01_char011.png,底,U+5E95,để,high,"1191,990,1322,1069",14,CacThanhTruyen4
crops_cleaned/page_0014/col01_char012.png,朱,U+6731,cho,high,"1191,1082,1322,1151",14,CacThanhTruyen4
crops_cleaned/page_0014/col01_char013.png,嫫,U+5AEB,ma,medium,"1191,1174,1322,1273",14,CacThanhTruyen4
crops_cleaned/page_0014/col01_char014.png,蛫,U+86EB,quỷ,medium,"1191,1291,1322,1353",14,CacThanhTruyen4
crops_cleaned/page_0014/col01_char015.png,感,U+611F,cám,high,"1191,1364,1322,1438",14,CacThanhTruyen4
crops_cleaned/page_0014/col01_char016.png,拊,U+62CA,dỗ,medium,"1191,1452,1322,1507",14,CacThanhTruyen4
crops_cleaned/page_0014/col01_char017.png,事,U+4E8B,sự,high,"1191,1519,1322,1601",14,CacThanhTruyen4
crops_cleaned/page_0014/col01_char018.png,衛,U+885B,về,medium,"1191,1609,1322,1680",14,CacThanhTruyen4
crops_cleaned/page_0014/col01_char019.png,徳,U+5FB3,Đức,high,"1191,1699,1322,1773",14,CacThanhTruyen4
crops_cleaned/page_0014/col01_char020.png,主,U+4E3B,Chúa,high,"1191,1775,1322,1828",14,CacThanhTruyen4
crops_cleaned/page_0014/col01_char021.png,俼,U+4FFC,Trời,medium,"1191,1830,1322,1897",14,CacThanhTruyen4
crops_cleaned/page_0014/col02_char000.png,爲,U+7232,Vì,high,"1062,66,1191,134",14,CacThanhTruyen4
crops_cleaned/page_0014/col02_char001.png,徴,U+5FB4,chưng,high,"1062,143,1191,204",14,CacThanhTruyen4
crops_cleaned/page_0014/col02_char002.png,体,U+4F53,thấy,high,"1062,221,1191,271",14,CacThanhTruyen4
crops_cleaned/page_0014/col02_char003.png,几,U+51E0,kẻ,high,"1062,289,1191,327",14,CacThanhTruyen4
crops_cleaned/page_0014/col02_char004.png,固,U+56FA,có,high,"1062,345,1191,409",14,CacThanhTruyen4
crops_cleaned/page_0014/col02_char005.png,罪,U+7F6A,tội,high,"1062,421,1191,490",14,CacThanhTruyen4
crops_cleaned/page_0014/col02_char006.png,磊,U+78CA,lỗi,high,"1062,496,1191,564",14,CacThanhTruyen4
crops_cleaned/page_0014/col02_char007.png,瑨,U+7468,lên,medium,"1062,577,1191,651",14,CacThanhTruyen4
crops_cleaned/page_0014/col02_char008.png,爫,U+722B,làm,medium,"1062,662,1191,698",14,CacThanhTruyen4
crops_cleaned/page_0014/col02_char009.png,君,U+541B,vua,medium,"1062,709,1191,767",14,CacThanhTruyen4
crops_cleaned/page_0014/col02_char010.png,主,U+4E3B,chúa,high,"1062,773,1191,827",14,CacThanhTruyen4
crops_cleaned/page_0014/col02_char011.png,倳,U+5033,trị,medium,"1062,841,1191,892",14,CacThanhTruyen4
crops_cleaned/page_0014/col02_char012.png,傓,U+5093,thiên,medium,"1062,901,1191,970",14,CacThanhTruyen4
crops_cleaned/page_0014/col02_char013.png,下,U+4E0B,hạ,high,"1062,975,1191,1051",14,CacThanhTruyen4
crops_cleaned/page_0014/col02_char014.png,喡,U+55A1,và,medium,"1062,1051,1191,1115",14,CacThanhTruyen4
crops_cleaned/page_0014/col02_char015.png,乄,U+4E44,làm,medium,"1062,1121,1191,1157",14,CacThanhTruyen4
crops_cleaned/page_0014/col02_char016.png,困,U+56F0,khốn,high,"1062,1177,1191,1239",14,CacThanhTruyen4
crops_cleaned/page_0014/col02_char017.png,朱,U+6731,cho,high,"1062,1253,1191,1305",14,CacThanhTruyen4
crops_cleaned/page_0014/col02_char018.png,民,U+6C11,dân,high,"1062,1317,1191,1383",14,CacThanhTruyen4
crops_cleaned/page_0014/col02_char019.png,厉,U+5389,lại,medium,"1062,1383,1191,1451",14,CacThanhTruyen4
crops_cleaned/page_0014/col02_char020.png,体,U+4F53,thấy,high,"1062,1464,1191,1512",14,CacThanhTruyen4
crops_cleaned/page_0014/col02_char021.png,几,U+51E0,kẻ,high,"1062,1533,1191,1575",14,CacThanhTruyen4
crops_cleaned/page_0014/col02_char022.png,脽,U+813D,sạch,medium,"1062,1589,1191,1652",14,CacThanhTruyen4
crops_cleaned/page_0014/col02_char023.png,罪,U+7F6A,tội,high,"1062,1662,1191,1732",14,CacThanhTruyen4
crops_cleaned/page_0014/col02_char024.png,守,U+5B88,giữ,medium,"1062,1744,1191,1806",14,CacThanhTruyen4
crops_cleaned/page_0014/col02_char025.png,纛,U+7E9B,đạo,medium,"1062,1812,1191,1899",14,CacThanhTruyen4
crops_cleaned/page_0014/col03_char000.png,年,U+5E74,nên,high,"916,66,1062,118",14,CacThanhTruyen4
crops_cleaned/page_0014/col03_char001.png,蔴,U+8534,mà,medium,"916,124,1062,186",14,CacThanhTruyen4
crops_cleaned/page_0014/col03_char002.png,塊,U+584A,phải,medium,"916,208,1062,289",14,CacThanhTruyen4
crops_cleaned/page_0014/col03_char003.png,稽,U+7A3D,ghe,high,"916,290,1062,386",14,CacThanhTruyen4
crops_cleaned/page_0014/col03_char004.png,事,U+4E8B,sự,high,"916,396,1062,489",14,CacThanhTruyen4
crops_cleaned/page_0014/col03_char005.png,庫,U+5EAB,khó,high,"916,495,1062,580",14,CacThanhTruyen4
crops_cleaned/page_0014/col03_char006.png,寺,U+5BFA,thì,high,"916,587,1062,660",14,CacThanhTruyen4
crops_cleaned/page_0014/col03_char007.png,翁,U+7FC1,ông,high,"916,671,1062,754",14,CacThanhTruyen4
crops_cleaned/page_0014/col03_char008.png,聖,U+8056,Thánh,medium,"916,764,1062,841",14,CacThanhTruyen4
crops_cleaned/page_0014/col03_char009.png,意,U+610F,ấy,high,"916,851,1062,944",14,CacThanhTruyen4
crops_cleaned/page_0014/col03_char010.png,忿,U+5FFF,buồn,medium,"916,954,1062,1034",14,CacThanhTruyen4
crops_cleaned/page_0014/col03_char011.png,曊,U+66CA,bấy,medium,"916,1034,1062,1118",14,CacThanhTruyen4
crops_cleaned/page_0014/col03_char012.png,桡,U+6861,nhiêu,medium,"916,1134,1062,1215",14,CacThanhTruyen4
crops_cleaned/page_0014/col03_char013.png,璏,U+748F,năm,medium,"916,1220,1062,1314",14,CacThanhTruyen4
crops_cleaned/page_0014/col03_char014.png,陾,U+967E,nhưng,medium,"916,1319,1062,1384",14,CacThanhTruyen4
crops_cleaned/page_0014/col03_char015.png,蔴,U+8534,mà,medium,"916,1394,1062,1462",14,CacThanhTruyen4
crops_cleaned/page_0014/col03_char016.png,庄,U+5E84,chẳng,high,"916,1462,1062,1529",14,CacThanhTruyen4
crops_cleaned/page_0014/col03_char017.png,嗘,U+55D8,hề,medium,"916,1540,1062,1612",14,CacThanhTruyen4
crops_cleaned/page_0014/col03_char018.png,固,U+56FA,có,high,"916,1622,1062,1692",14,CacThanhTruyen4
crops_cleaned/page_0014/col03_char019.png,賖,U+8CD6,nghe,medium,"916,1707,1062,1774",14,CacThanhTruyen4
crops_cleaned/page_0014/col03_char020.png,蛫,U+86EB,quỷ,medium,"916,1778,1062,1844",14,CacThanhTruyen4
crops_cleaned/page_0014/col03_char021.png,慾,U+617E,giục,medium,"916,1848,1062,1899",14,CacThanhTruyen4
crops_cleaned/page_0014/col04_char000.png,渚,U+6E1A,chớ,high,"764,66,916,117",14,CacThanhTruyen4
crops_cleaned/page_0014/col04_char001.png,信,U+4FE1,tin,high,"764,138,916,200",14,CacThanhTruyen4
crops_cleaned/page_0014/col04_char002.png,德,U+5FB7,Đức,high,"764,209,916,283",14,CacThanhTruyen4
crops_cleaned/page_0014/col04_char003.png,主,U+4E3B,Chúa,high,"764,297,916,356",14,CacThanhTruyen4
crops_cleaned/page_0014/col04_char004.png,天,U+5929,Trời,medium,"764,366,916,443",14,CacThanhTruyen4
crops_cleaned/page_0014/col04_char005.png,公,U+516C,công,high,"764,458,916,507",14,CacThanhTruyen4
crops_cleaned/page_0014/col04_char006.png,平,U+5E73,bằng,high,"764,520,916,564",14,CacThanhTruyen4
crops_cleaned/page_0014/col04_char007.png,兦,U+5166,vô,medium,"764,564,916,663",14,CacThanhTruyen4
crops_cleaned/page_0014/col04_char008.png,共,U+5171,cùng,high,"764,669,916,708",14,CacThanhTruyen4
crops_cleaned/page_0014/col04_char009.png,厲,U+53B2,lại,medium,"764,708,916,760",14,CacThanhTruyen4
crops_cleaned/page_0014/col04_char010.png,打,U+6253,đánh,high,"764,760,916,835",14,CacThanhTruyen4
crops_cleaned/page_0014/col04_char011.png,把,U+628A,trả,high,"764,847,916,891",14,CacThanhTruyen4
crops_cleaned/page_0014/col04_char012.png,努,U+52AA,nó,medium,"764,905,916,962",14,CacThanhTruyen4
crops_cleaned/page_0014/col04_char013.png,涟,U+6D9F,liên,medium,"764,976,916,1031",14,CacThanhTruyen4
crops_cleaned/page_0014/col04_char014.png,嘛,U+561B,mà,medium,"764,1037,916,1117",14,CacThanhTruyen4
crops_cleaned/page_0014/col04_char015.png,年,U+5E74,nên,high,"764,1117,916,1179",14,CacThanhTruyen4
crops_cleaned/page_0014/col04_char016.png,聖,U+8056,thánh,medium,"764,1197,916,1305",14,CacThanhTruyen4
crops_cleaned/page_0014/col04_char017.png,垰,U+57B0,cả,medium,"764,1306,916,1347",14,CacThanhTruyen4
crops_cleaned/page_0014/col04_char018.png,共,U+5171,Cùng,high,"764,1361,916,1476",14,CacThanhTruyen4
crops_cleaned/page_0014/col04_char019.png,固,U+56FA,có,high,"764,1476,916,1491",14,CacThanhTruyen4
crops_cleaned/page_0014/col04_char020.png,饒,U+9952,nhiều,high,"764,1500,916,1560",14,CacThanhTruyen4
crops_cleaned/page_0014/col04_char021.png,璏,U+748F,năm,medium,"764,1571,916,1641",14,CacThanhTruyen4
crops_cleaned/page_0014/col04_char022.png,拭,U+62ED,dức,medium,"764,1654,916,1726",14,CacThanhTruyen4
crops_cleaned/page_0014/col04_char023.png,头,U+5934,đầu,medium,"764,1735,916,1844",14,CacThanhTruyen4
crops_cleaned/page_0014/col04_char024.png,僘,U+50D8,đau,medium,"764,1844,916,1897",14,CacThanhTruyen4
crops_cleaned/page_0014/col05_char000.png,某,U+67D0,mỏ,high,"625,66,764,116",14,CacThanhTruyen4
crops_cleaned/page_0014/col05_char001.png,幄,U+5E44,ác,medium,"625,128,764,205",14,CacThanhTruyen4
crops_cleaned/page_0014/col05_char002.png,庄,U+5E84,chẳng,high,"625,216,764,277",14,CacThanhTruyen4
crops_cleaned/page_0014/col05_char003.png,铵,U+94F5,an,medium,"625,292,764,372",14,CacThanhTruyen4
crops_cleaned/page_0014/col05_char004.png,命,U+547D,mình,high,"625,383,764,476",14,CacThanhTruyen4
crops_cleaned/page_0014/col05_char005.png,德,U+5FB7,Đức,high,"625,476,764,559",14,CacThanhTruyen4
crops_cleaned/page_0014/col05_char006.png,主,U+4E3B,Chúa,high,"625,572,764,634",14,CacThanhTruyen4
crops_cleaned/page_0014/col05_char007.png,旹,U+65F9,Trời,medium,"625,648,764,722",14,CacThanhTruyen4
crops_cleaned/page_0014/col05_char008.png,此,U+6B64,thử,high,"625,737,764,792",14,CacThanhTruyen4
crops_cleaned/page_0014/col05_char009.png,弄,U+5F04,lòng,high,"625,803,764,901",14,CacThanhTruyen4
crops_cleaned/page_0014/col05_char010.png,圤,U+5724,người,medium,"625,901,764,982",14,CacThanhTruyen4
crops_cleaned/page_0014/col05_char011.png,爫,U+722B,làm,medium,"625,996,764,1052",14,CacThanhTruyen4
crops_cleaned/page_0014/col05_char012.png,特,U+7279,vậy,high,"625,1063,764,1125",14,CacThanhTruyen4
crops_cleaned/page_0014/col05_char013.png,朱,U+6731,cho,high,"625,1132,764,1206",14,CacThanhTruyen4
crops_cleaned/page_0014/col05_char014.png,特,U+7279,được,high,"625,1214,764,1276",14,CacThanhTruyen4
crops_cleaned/page_0014/col05_char015.png,傷,U+50B7,thương,high,"625,1288,764,1363",14,CacThanhTruyen4
crops_cleaned/page_0014/col05_char016.png,几,U+51E0,kẻ,high,"625,1379,764,1426",14,CacThanhTruyen4
crops_cleaned/page_0014/col05_char017.png,确,U+786E,khác,medium,"625,1435,764,1502",14,CacThanhTruyen4
crops_cleaned/page_0014/col05_char018.png,覅,U+8985,yếu,medium,"625,1514,764,1601",14,CacThanhTruyen4
crops_cleaned/page_0014/col05_char019.png,対,U+5BFE,đuối,high,"625,1615,764,1684",14,CacThanhTruyen4
crops_cleaned/page_0014/col05_char020.png,女,U+5973,nữa,high,"625,1700,764,1766",14,CacThanhTruyen4
crops_cleaned/page_0014/col05_char021.png,物,U+7269,Vậy,medium,"625,1772,764,1829",14,CacThanhTruyen4
crops_cleaned/page_0014/col05_char022.png,袩,U+88A9,xem,medium,"625,1845,764,1899",14,CacThanhTruyen4
crops_cleaned/page_0014/col06_char000.png,蒴,U+84B4,sóc,medium,"472,66,625,115",14,CacThanhTruyen4
crops_cleaned/page_0014/col06_char001.png,各,U+5404,các,high,"472,127,625,200",14,CacThanhTruyen4
crops_cleaned/page_0014/col06_char002.png,本,U+672C,bổn,high,"472,212,625,268",14,CacThanhTruyen4
crops_cleaned/page_0014/col06_char003.png,导,U+5BFC,đạo,medium,"472,278,625,375",14,CacThanhTruyen4
crops_cleaned/page_0014/col06_char004.png,侭,U+4FAD,hết,medium,"472,385,625,478",14,CacThanhTruyen4
crops_cleaned/page_0014/col06_char005.png,弄,U+5F04,lòng,high,"472,481,625,579",14,CacThanhTruyen4
crops_cleaned/page_0014/col06_char006.png,竭,U+7AED,hết,medium,"472,583,625,664",14,CacThanhTruyen4
crops_cleaned/page_0014/col06_char007.png,飭,U+98ED,sức,high,"472,679,625,754",14,CacThanhTruyen4
crops_cleaned/page_0014/col06_char008.png,倛,U+501B,Khi,medium,"472,760,625,846",14,CacThanhTruyen4
crops_cleaned/page_0014/col06_char009.png,圤,U+5724,người,medium,"472,852,625,931",14,CacThanhTruyen4
crops_cleaned/page_0014/col06_char010.png,些,U+4E9B,ta,high,"472,946,625,1019",14,CacThanhTruyen4
crops_cleaned/page_0014/col06_char011.png,稱,U+7A31,xưng,medium,"472,1031,625,1091",14,CacThanhTruyen4
crops_cleaned/page_0014/col06_char012.png,罪,U+7F6A,tội,high,"472,1109,625,1184",14,CacThanhTruyen4
crops_cleaned/page_0014/col06_char013.png,塒,U+5852,thì,medium,"472,1194,625,1276",14,CacThanhTruyen4
crops_cleaned/page_0014/col06_char014.png,仍,U+4ECD,những,high,"472,1287,625,1362",14,CacThanhTruyen4
crops_cleaned/page_0014/col06_char015.png,搩,U+6429,nước,medium,"472,1374,625,1452",14,CacThanhTruyen4
crops_cleaned/page_0014/col06_char016.png,末,U+672B,mắt,high,"472,1460,625,1527",14,CacThanhTruyen4
crops_cleaned/page_0014/col06_char017.png,沚,U+6C9A,chảy,medium,"472,1542,625,1597",14,CacThanhTruyen4
crops_cleaned/page_0014/col06_char018.png,囉,U+56C9,ra,medium,"472,1611,625,1678",14,CacThanhTruyen4
crops_cleaned/page_0014/col06_char019.png,為,U+70BA,vì,high,"472,1688,625,1781",14,CacThanhTruyen4
crops_cleaned/page_0014/col06_char020.png,傷,U+50B7,thương,high,"472,1793,625,1881",14,CacThanhTruyen4
crops_cleaned/page_0014/col07_char000.png,几,U+51E0,kẻ,high,"327,110,472,179",14,CacThanhTruyen4
crops_cleaned/page_0014/col07_char001.png,蛫,U+86EB,quỷ,medium,"327,191,472,285",14,CacThanhTruyen4
crops_cleaned/page_0014/col07_char002.png,绀,U+7EC0,cám,medium,"327,300,472,366",14,CacThanhTruyen4
crops_cleaned/page_0014/col07_char003.png,拊,U+62CA,dỗ,medium,"327,378,472,425",14,CacThanhTruyen4
crops_cleaned/page_0014/col07_char004.png,爫,U+722B,làm,medium,"327,436,472,531",14,CacThanhTruyen4
crops_cleaned/page_0014/col07_char005.png,事,U+4E8B,sự,high,"327,536,472,614",14,CacThanhTruyen4
crops_cleaned/page_0014/col07_char006.png,儡,U+5121,lỗi,medium,"327,622,472,728",14,CacThanhTruyen4
crops_cleaned/page_0014/col07_char007.png,意,U+610F,ấy,high,"327,737,472,806",14,CacThanhTruyen4
crops_cleaned/page_0014/col07_char008.png,嘛,U+561B,mà,medium,"327,807,472,875",14,CacThanhTruyen4
crops_cleaned/page_0014/col07_char009.png,密,U+5BC6,mất,medium,"327,881,472,951",14,CacThanhTruyen4
crops_cleaned/page_0014/col07_char011.png,囖,U+56D6,ra,medium,"327,1035,472,1105",14,CacThanhTruyen4
crops_cleaned/page_0014/col07_char012.png,桫,U+686B,sa,medium,"327,1111,472,1168",14,CacThanhTruyen4
crops_cleaned/page_0014/col07_char013.png,共,U+5171,cùng,high,"327,1188,472,1240",14,CacThanhTruyen4
crops_cleaned/page_0014/col07_char014.png,攻,U+653B,công,medium,"327,1257,472,1336",14,CacThanhTruyen4
crops_cleaned/page_0014/col07_char015.png,茅,U+8305,Máu,medium,"327,1340,472,1383",14,CacThanhTruyen4
crops_cleaned/page_0014/col07_char016.png,圣,U+5723,Thánh,medium,"327,1385,472,1432",14,CacThanhTruyen4
crops_cleaned/page_0014/col07_char017.png,德,U+5FB7,Đức,high,"327,1442,472,1514",14,CacThanhTruyen4
crops_cleaned/page_0014/col07_char018.png,主,U+4E3B,Chúa,high,"327,1538,472,1587",14,CacThanhTruyen4
crops_cleaned/page_0014/col07_char019.png,支,U+652F,Giê,high,"327,1590,472,1665",14,CacThanhTruyen4
crops_cleaned/page_0014/col07_char020.png,秋,U+79CB,su,high,"327,1673,472,1740",14,CacThanhTruyen4
crops_cleaned/page_0014/col07_char021.png,攲,U+6532,Khi,medium,"327,1756,472,1835",14,CacThanhTruyen4
crops_cleaned/page_0014/col07_char022.png,圤,U+5724,người,medium,"327,1835,472,1899",14,CacThanhTruyen4
crops_cleaned/page_0014/col08_char000.png,嶰,U+5DB0,giải,medium,"179,66,327,121",14,CacThanhTruyen4
crops_cleaned/page_0014/col08_char001.png,罪,U+7F6A,tội,high,"179,124,327,203",14,CacThanhTruyen4
crops_cleaned/page_0014/col08_char002.png,朱,U+6731,cho,high,"179,211,327,286",14,CacThanhTruyen4
crops_cleaned/page_0014/col08_char003.png,啴,U+5574,đàn,medium,"179,301,327,387",14,CacThanhTruyen4
crops_cleaned/page_0014/col08_char004.png,婆,U+5A46,bà,medium,"179,402,327,455",14,CacThanhTruyen4
crops_cleaned/page_0014/col08_char005.png,塒,U+5852,thì,medium,"179,460,327,521",14,CacThanhTruyen4
crops_cleaned/page_0014/col08_char006.png,庄,U+5E84,chẳng,high,"179,539,327,606",14,CacThanhTruyen4
crops_cleaned/page_0014/col08_char007.png,固,U+56FA,có,high,"179,620,327,686",14,CacThanhTruyen4
crops_cleaned/page_0014/col08_char008.png,袩,U+88A9,xem,medium,"179,696,327,760",14,CacThanhTruyen4
crops_cleaned/page_0014/col08_char009.png,末,U+672B,mặt,high,"179,773,327,848",14,CacThanhTruyen4
crops_cleaned/page_0014/col08_char010.png,些,U+4E9B,ai,medium,"179,850,327,918",14,CacThanhTruyen4
crops_cleaned/page_0014/col08_char011.png,朱,U+6731,cho,high,"179,935,327,1000",14,CacThanhTruyen4
crops_cleaned/page_0014/col08_char012.png,年,U+5E74,nên,high,"179,1004,327,1059",14,CacThanhTruyen4
crops_cleaned/page_0014/col08_char013.png,中,U+4E2D,trong,high,"179,1059,327,1159",14,CacThanhTruyen4
crops_cleaned/page_0014/col08_char014.png,璏,U+748F,năm,medium,"179,1159,327,1254",14,CacThanhTruyen4
crops_cleaned/page_0014/col08_char015.png,迈,U+8FC8,mươi,medium,"179,1254,327,1318",14,CacThanhTruyen4
crops_cleaned/page_0014/col08_char016.png,璏,U+748F,năm,medium,"179,1318,327,1423",14,CacThanhTruyen4
crops_cleaned/page_0014/col08_char017.png,圤,U+5724,người,medium,"179,1433,327,1493",14,CacThanhTruyen4
crops_cleaned/page_0014/col08_char018.png,庄,U+5E84,chẳng,high,"179,1504,327,1576",14,CacThanhTruyen4
crops_cleaned/page_0014/col08_char019.png,瘪,U+762A,biết,medium,"179,1585,327,1671",14,CacThanhTruyen4
crops_cleaned/page_0014/col08_char020.png,坍,U+574D,đàn,medium,"179,1673,327,1732",14,CacThanhTruyen4
crops_cleaned/page_0014/col08_char021.png,婆,U+5A46,bà,medium,"179,1743,327,1754",14,CacThanhTruyen4
crops_cleaned/page_0014/col08_char022.png,市,U+5E02,nào,high,"179,1754,327,1864",14,CacThanhTruyen4
crops_cleaned/page_0014/col08_char023.png,右,U+53F3,lại,medium,"179,1864,327,1899",14,CacThanhTruyen4
crops_cleaned/page_0014/col09_char000.png,能,U+80FD,năng,high,"33,66,179,107",14,CacThanhTruyen4
crops_cleaned/page_0014/col09_char001.png,哴,U+54F4,rằng,medium,"33,125,179,218",14,CacThanhTruyen4
crops_cleaned/page_0014/col09_char002.png,些,U+4E9B,Ai,medium,"33,236,179,323",14,CacThanhTruyen4
crops_cleaned/page_0014/col09_char003.png,庄,U+5E84,chẳng,high,"33,329,179,406",14,CacThanhTruyen4
crops_cleaned/page_0014/col09_char004.png,守,U+5B88,giữ,medium,"33,425,179,495",14,CacThanhTruyen4
crops_cleaned/page_0014/col09_char005.png,昆,U+6606,con,high,"33,517,179,602",14,CacThanhTruyen4
crops_cleaned/page_0014/col09_char006.png,末,U+672B,mắt,high,"33,620,179,686",14,CacThanhTruyen4
crops_cleaned/page_0014/col09_char007.png,嘛,U+561B,mà,medium,"33,698,179,766",14,CacThanhTruyen4
crops_cleaned/page_0014/col09_char008.png,悶,U+60B6,muốn,high,"33,781,179,865",14,CacThanhTruyen4
crops_cleaned/page_0014/col09_char009.png,塊,U+584A,khỏi,high,"33,868,179,948",14,CacThanhTruyen4
crops_cleaned/page_0014/col09_char010.png,妁,U+5981,chước,medium,"33,960,179,1082",14,CacThanhTruyen4
crops_cleaned/page_0014/col09_char011.png,蛫,U+86EB,quỷ,medium,"33,1082,179,1119",14,CacThanhTruyen4
crops_cleaned/page_0014/col09_char012.png,塒,U+5852,thì,medium,"33,1125,179,1220",14,CacThanhTruyen4
crops_cleaned/page_0014/col09_char013.png,塊,U+584A,khỏi,high,"33,1235,179,1307",14,CacThanhTruyen4
crops_cleaned/page_0014/col09_char014.png,囉,U+56C9,là,medium,"33,1326,179,1438",14,CacThanhTruyen4
crops_cleaned/page_0014/col09_char015.png,禍,U+798D,họa,high,"33,1441,179,1522",14,CacThanhTruyen4
crops_cleaned/page_0014/col09_char016.png,攲,U+6532,Khi,medium,"33,1529,179,1611",14,CacThanhTruyen4
crops_cleaned/page_0014/col09_char017.png,命,U+547D,người,medium,"33,1624,179,1715",14,CacThanhTruyen4
crops_cleaned/page_0014/col09_char018.png,群,U+7FA4,còn,high,"33,1731,179,1820",14,CacThanhTruyen4
crops_cleaned/page_0014/col09_char019.png,爫,U+722B,làm,medium,"33,1827,179,1887",14,CacThanhTruyen4
crops_cleaned/page_0016/col01_char000.png,曰,U+66F0,viết,high,"1125,69,1261,104",16,CacThanhTruyen4
crops_cleaned/page_0016/col01_char001.png,釪,U+91EA,vồ,medium,"1125,104,1261,191",16,CacThanhTruyen4
crops_cleaned/page_0016/col01_char002.png,徳,U+5FB3,Đức,high,"1125,193,1261,296",16,CacThanhTruyen4
crops_cleaned/page_0016/col01_char003.png,主,U+4E3B,Chúa,high,"1125,306,1261,365",16,CacThanhTruyen4
crops_cleaned/page_0016/col01_char004.png,旹,U+65F9,Trời,medium,"1125,379,1261,462",16,CacThanhTruyen4
crops_cleaned/page_0016/col01_char005.png,美,U+7F8E,mở,high,"1125,474,1261,580",16,CacThanhTruyen4
crops_cleaned/page_0016/col01_char006.png,弄,U+5F04,lòng,high,"1125,588,1261,622",16,CacThanhTruyen4
crops_cleaned/page_0016/col01_char007.png,翁,U+7FC1,ông,high,"1125,622,1261,725",16,CacThanhTruyen4
crops_cleaned/page_0016/col01_char008.png,聖,U+8056,Thánh,medium,"1125,727,1261,776",16,CacThanhTruyen4
crops_cleaned/page_0016/col01_char009.png,巫,U+5DEB,Vu,medium,"1125,785,1261,867",16,CacThanhTruyen4
crops_cleaned/page_0016/col01_char010.png,婾,U+5A7E,du,medium,"1125,880,1261,995",16,CacThanhTruyen4
crops_cleaned/page_0016/col01_char011.png,駑,U+99D1,nô,medium,"1125,1012,1261,1070",16,CacThanhTruyen4
crops_cleaned/page_0016/col01_char012.png,立,U+7ACB,lập,high,"1125,1080,1261,1142",16,CacThanhTruyen4
crops_cleaned/page_0016/col01_char013.png,用,U+7528,dòng,high,"1125,1157,1261,1219",16,CacThanhTruyen4
crops_cleaned/page_0016/col01_char014.png,柴,U+67F4,thầy,high,"1125,1228,1261,1309",16,CacThanhTruyen4
crops_cleaned/page_0016/col01_char015.png,修,U+4FEE,tu,high,"1125,1316,1261,1389",16,CacThanhTruyen4
crops_cleaned/page_0016/col01_char016.png,莕,U+8395,hành,medium,"1125,1401,1261,1466",16,CacThanhTruyen4
crops_cleaned/page_0016/col01_char017.png,佇,U+4F47,giữ,high,"1125,1473,1261,1549",16,CacThanhTruyen4
crops_cleaned/page_0016/col01_char018.png,仍,U+4ECD,những,high,"1125,1560,1261,1625",16,CacThanhTruyen4
crops_cleaned/page_0016/col01_char019.png,法,U+6CD5,phép,high,"1125,1633,1261,1702",16,CacThanhTruyen4
crops_cleaned/page_0016/col01_char020.png,冉,U+5189,nhiệm,high,"1125,1702,1261,1772",16,CacThanhTruyen4
crops_cleaned/page_0016/col01_char021.png,廩,U+5EE9,lắm,high,"1125,1776,1261,1866",16,CacThanhTruyen4
crops_cleaned/page_0016/col01_char022.png,罢,U+7F62,bởi,high,"1125,1866,1261,1915",16,CacThanhTruyen4
crops_cleaned/page_0016/col02_char000.png,圤,U+5724,người,medium,"989,69,1125,120",16,CacThanhTruyen4
crops_cleaned/page_0016/col02_char001.png,体,U+4F53,thấy,high,"989,133,1125,198",16,CacThanhTruyen4
crops_cleaned/page_0016/col02_char002.png,牮,U+726E,tiến,medium,"989,213,1125,311",16,CacThanhTruyen4
crops_cleaned/page_0016/col02_char003.png,士,U+58EB,sĩ,high,"989,316,1125,358",16,CacThanhTruyen4
crops_cleaned/page_0016/col02_char004.png,箕,U+7B95,kia,medium,"989,373,1125,448",16,CacThanhTruyen4
crops_cleaned/page_0016/col02_char005.png,汖,U+6C56,xưa,medium,"989,455,1125,533",16,CacThanhTruyen4
crops_cleaned/page_0016/col02_char006.png,固,U+56FA,có,high,"989,550,1125,621",16,CacThanhTruyen4
crops_cleaned/page_0016/col02_char007.png,省,U+7701,tiếng,high,"989,631,1125,719",16,CacThanhTruyen4
crops_cleaned/page_0016/col02_char008.png,崒,U+5D12,tốt,medium,"989,733,1125,837",16,CacThanhTruyen4
crops_cleaned/page_0016/col02_char009.png,嘛,U+561B,mà,medium,"989,838,1125,907",16,CacThanhTruyen4
crops_cleaned/page_0016/col02_char010.png,攲,U+6532,khi,medium,"989,920,1125,992",16,CacThanhTruyen4
crops_cleaned/page_0016/col02_char011.png,折,U+6298,chết,high,"989,1003,1125,1072",16,CacThanhTruyen4
crops_cleaned/page_0016/col02_char012.png,銃,U+9283,sống,medium,"989,1076,1125,1153",16,CacThanhTruyen4
crops_cleaned/page_0016/col02_char013.png,勑,U+52D1,lại,medium,"989,1157,1125,1234",16,CacThanhTruyen4
crops_cleaned/page_0016/col02_char014.png,巴,U+5DF4,ba,high,"989,1247,1125,1310",16,CacThanhTruyen4
crops_cleaned/page_0016/col02_char015.png,吝,U+541D,lần,high,"989,1324,1125,1406",16,CacThanhTruyen4
crops_cleaned/page_0016/col02_char016.png,嘛,U+561B,mà,medium,"989,1412,1125,1488",16,CacThanhTruyen4
crops_cleaned/page_0016/col02_char017.png,称,U+79F0,xưng,high,"989,1494,1125,1558",16,CacThanhTruyen4
crops_cleaned/page_0016/col02_char018.png,囖,U+56D6,ra,medium,"989,1574,1125,1642",16,CacThanhTruyen4
crops_cleaned/page_0016/col02_char019.png,命,U+547D,mình,high,"989,1653,1125,1753",16,CacThanhTruyen4
crops_cleaned/page_0016/col02_char020.png,吏,U+540F,đã,medium,"989,1755,1125,1830",16,CacThanhTruyen4
crops_cleaned/page_0016/col02_char021.png,拝,U+62DD,phải,medium,"989,1838,1125,1915",16,CacThanhTruyen4
crops_cleaned/page_0016/col03_char000.png,罚,U+7F5A,phạt,medium,"845,69,989,126",16,CacThanhTruyen4
crops_cleaned/page_0016/col03_char001.png,中,U+4E2D,trong,high,"845,143,989,207",16,CacThanhTruyen4
crops_cleaned/page_0016/col03_char002.png,墬,U+58AC,địa,medium,"845,214,989,270",16,CacThanhTruyen4
crops_cleaned/page_0016/col03_char003.png,獄,U+7344,ngục,high,"845,281,989,354",16,CacThanhTruyen4
crops_cleaned/page_0016/col03_char004.png,无,U+65E0,vô,medium,"845,366,989,441",16,CacThanhTruyen4
crops_cleaned/page_0016/col03_char005.png,共,U+5171,cùng,high,"845,450,989,578",16,CacThanhTruyen4
crops_cleaned/page_0016/col03_char006.png,翁,U+7FC1,Ông,high,"845,578,989,622",16,CacThanhTruyen4
crops_cleaned/page_0016/col03_char007.png,圣,U+5723,Thánh,medium,"845,628,989,710",16,CacThanhTruyen4
crops_cleaned/page_0016/col03_char008.png,意,U+610F,ấy,high,"845,720,989,824",16,CacThanhTruyen4
crops_cleaned/page_0016/col03_char009.png,共,U+5171,cùng,high,"845,836,989,888",16,CacThanhTruyen4
crops_cleaned/page_0016/col03_char010.png,婅,U+5A45,sáu,medium,"845,895,989,958",16,CacThanhTruyen4
crops_cleaned/page_0016/col03_char011.png,办,U+529E,bạn,medium,"845,974,989,1040",16,CacThanhTruyen4
crops_cleaned/page_0016/col03_char012.png,聯,U+806F,liền,medium,"845,1040,989,1120",16,CacThanhTruyen4
crops_cleaned/page_0016/col03_char013.png,狻,U+72FB,toan,medium,"845,1130,989,1142",16,CacThanhTruyen4
crops_cleaned/page_0016/col03_char014.png,補,U+88DC,bỏ,high,"845,1142,989,1293",16,CacThanhTruyen4
crops_cleaned/page_0016/col03_char015.png,每,U+6BCF,mọi,high,"845,1306,989,1384",16,CacThanhTruyen4
crops_cleaned/page_0016/col03_char016.png,事,U+4E8B,sự,high,"845,1391,989,1477",16,CacThanhTruyen4
crops_cleaned/page_0016/col03_char017.png,世,U+4E16,thế,high,"845,1481,989,1544",16,CacThanhTruyen4
crops_cleaned/page_0016/col03_char018.png,姦,U+59E6,gian,medium,"845,1553,989,1624",16,CacThanhTruyen4
crops_cleaned/page_0016/col03_char019.png,嘛,U+561B,mà,medium,"845,1635,989,1703",16,CacThanhTruyen4
crops_cleaned/page_0016/col03_char020.png,多,U+591A,đi,high,"845,1714,989,1796",16,CacThanhTruyen4
crops_cleaned/page_0016/col03_char021.png,瑨,U+7468,lên,medium,"845,1808,989,1905",16,CacThanhTruyen4
crops_cleaned/page_0016/col04_char000.png,楞,U+695E,rừng,medium,"701,69,845,189",16,CacThanhTruyen4
crops_cleaned/page_0016/col04_char001.png,朱,U+6731,cho,high,"701,193,845,266",16,CacThanhTruyen4
crops_cleaned/page_0016/col04_char002.png,特,U+7279,được,high,"701,278,845,349",16,CacThanhTruyen4
crops_cleaned/page_0016/col04_char003.png,來,U+4F86,rỗi,medium,"701,365,845,460",16,CacThanhTruyen4
crops_cleaned/page_0016/col04_char004.png,姈,U+59C8,linh,medium,"701,463,845,541",16,CacThanhTruyen4
crops_cleaned/page_0016/col04_char005.png,浑,U+6D51,hồn,medium,"701,547,845,622",16,CacThanhTruyen4
crops_cleaned/page_0016/col04_char006.png,胋,U+80CB,Đêm,medium,"701,637,845,729",16,CacThanhTruyen4
crops_cleaned/page_0016/col04_char007.png,畧,U+7567,trước,high,"701,742,845,838",16,CacThanhTruyen4
crops_cleaned/page_0016/col04_char008.png,翁,U+7FC1,ông,high,"701,840,845,935",16,CacThanhTruyen4
crops_cleaned/page_0016/col04_char009.png,聖,U+8056,Thánh,medium,"701,941,845,1022",16,CacThanhTruyen4
crops_cleaned/page_0016/col04_char010.png,怮,U+602E,U,medium,"701,1033,845,1084",16,CacThanhTruyen4
crops_cleaned/page_0016/col04_char011.png,估,U+4F30,cô,medium,"701,1094,845,1171",16,CacThanhTruyen4
crops_cleaned/page_0016/col04_char012.png,胣,U+80E3,đã,medium,"701,1186,845,1236",16,CacThanhTruyen4
crops_cleaned/page_0016/col04_char013.png,体,U+4F53,thấy,high,"701,1254,845,1332",16,CacThanhTruyen4
crops_cleaned/page_0016/col04_char014.png,罢,U+7F62,bảy,high,"701,1346,845,1420",16,CacThanhTruyen4
crops_cleaned/page_0016/col04_char015.png,亇,U+4E87,cái,medium,"701,1430,845,1505",16,CacThanhTruyen4
crops_cleaned/page_0016/col04_char016.png,抄,U+6284,sao,medium,"701,1513,845,1587",16,CacThanhTruyen4
crops_cleaned/page_0016/col04_char017.png,朗,U+6717,sáng,high,"701,1602,845,1613",16,CacThanhTruyen4
crops_cleaned/page_0016/col04_char018.png,朗,U+6717,láng,high,"701,1613,845,1679",16,CacThanhTruyen4
crops_cleaned/page_0016/col04_char019.png,旦,U+65E6,đến,high,"701,1679,845,1749",16,CacThanhTruyen4
crops_cleaned/page_0016/col04_char020.png,畧,U+7567,trước,high,"701,1763,845,1846",16,CacThanhTruyen4
crops_cleaned/page_0016/col04_char021.png,末,U+672B,mặt,high,"701,1848,845,1908",16,CacThanhTruyen4
crops_cleaned/page_0016/col05_char000.png,命,U+547D,mình,high,"568,69,701,125",16,CacThanhTruyen4
crops_cleaned/page_0016/col05_char001.png,創,U+5275,Sáng,high,"568,125,701,204",16,CacThanhTruyen4
crops_cleaned/page_0016/col05_char002.png,時,U+6642,ngày,medium,"568,215,701,304",16,CacThanhTruyen4
crops_cleaned/page_0016/col05_char003.png,体,U+4F53,thấy,high,"568,314,701,375",16,CacThanhTruyen4
crops_cleaned/page_0016/col05_char004.png,罢,U+7F62,bảy,high,"568,391,701,474",16,CacThanhTruyen4
crops_cleaned/page_0016/col05_char005.png,翁,U+7FC1,ông,high,"568,490,701,582",16,CacThanhTruyen4
crops_cleaned/page_0016/col05_char006.png,意,U+610F,ấy,high,"568,591,701,689",16,CacThanhTruyen4
crops_cleaned/page_0016/col05_char007.png,逵,U+9035,quỳ,medium,"568,702,701,770",16,CacThanhTruyen4
crops_cleaned/page_0016/col05_char008.png,笹,U+7B39,xuống,medium,"568,783,701,879",16,CacThanhTruyen4
crops_cleaned/page_0016/col05_char009.png,吀,U+5400,xin,medium,"568,890,701,972",16,CacThanhTruyen4
crops_cleaned/page_0016/col05_char010.png,雴,U+96F4,lập,medium,"568,976,701,1035",16,CacThanhTruyen4
crops_cleaned/page_0016/col05_char011.png,匇,U+5307,dòng,medium,"568,1050,701,1116",16,CacThanhTruyen4
crops_cleaned/page_0016/col05_char012.png,偨,U+5068,thầy,medium,"568,1128,701,1208",16,CacThanhTruyen4
crops_cleaned/page_0016/col05_char013.png,珕,U+73D5,trên,medium,"568,1215,701,1296",16,CacThanhTruyen4
crops_cleaned/page_0016/col05_char014.png,倂,U+5002,núi,medium,"568,1303,701,1376",16,CacThanhTruyen4
crops_cleaned/page_0016/col05_char015.png,箕,U+7B95,kia,medium,"568,1388,701,1463",16,CacThanhTruyen4
crops_cleaned/page_0016/col05_char016.png,先,U+5148,tên,high,"568,1463,701,1540",16,CacThanhTruyen4
crops_cleaned/page_0016/col05_char017.png,卥,U+5365,là,medium,"568,1551,701,1611",16,CacThanhTruyen4
crops_cleaned/page_0016/col05_char019.png,修,U+4FEE,tu,medium,"568,1705,701,1787",16,CacThanhTruyen4
crops_cleaned/page_0016/col05_char020.png,佘,U+4F58,xa,medium,"568,1787,701,1845",16,CacThanhTruyen4
crops_cleaned/page_0016/col05_char021.png,塒,U+5852,thì,medium,"568,1845,701,1915",16,CacThanhTruyen4
crops_cleaned/page_0016/col06_char000.png,埋,U+57CB,mới,medium,"436,69,568,125",16,CacThanhTruyen4
crops_cleaned/page_0016/col06_char001.png,別,U+5225,biết,high,"436,140,568,210",16,CacThanhTruyen4
crops_cleaned/page_0016/col06_char002.png,意,U+610F,ý,high,"436,220,568,326",16,CacThanhTruyen4
crops_cleaned/page_0016/col06_char003.png,罢,U+7F62,bảy,high,"436,337,568,417",16,CacThanhTruyen4
crops_cleaned/page_0016/col06_char004.png,匃,U+5303,cái,medium,"436,427,568,498",16,CacThanhTruyen4
crops_cleaned/page_0016/col06_char005.png,弰,U+5F30,sao,medium,"436,507,568,592",16,CacThanhTruyen4
crops_cleaned/page_0016/col06_char006.png,意,U+610F,ấy,high,"436,592,568,678",16,CacThanhTruyen4
crops_cleaned/page_0016/col06_char007.png,蔴,U+8534,mà,medium,"436,687,568,746",16,CacThanhTruyen4
crops_cleaned/page_0016/col06_char008.png,峺,U+5CFA,mừng,medium,"436,760,568,820",16,CacThanhTruyen4
crops_cleaned/page_0016/col06_char009.png,廩,U+5EE9,lắm,high,"436,830,568,910",16,CacThanhTruyen4
crops_cleaned/page_0016/col06_char010.png,翁,U+7FC1,Ông,high,"436,918,568,983",16,CacThanhTruyen4
crops_cleaned/page_0016/col06_char011.png,曰,U+66F0,viết,high,"436,998,568,1034",16,CacThanhTruyen4
crops_cleaned/page_0016/col06_char012.png,釪,U+91EA,vồ,medium,"436,1051,568,1113",16,CacThanhTruyen4
crops_cleaned/page_0016/col06_char013.png,多,U+591A,đưa,medium,"436,1123,568,1204",16,CacThanhTruyen4
crops_cleaned/page_0016/col06_char014.png,多,U+591A,đi,high,"436,1213,568,1284",16,CacThanhTruyen4
crops_cleaned/page_0016/col06_char015.png,旦,U+65E6,đến,high,"436,1302,568,1338",16,CacThanhTruyen4
crops_cleaned/page_0016/col06_char016.png,尼,U+5C3C,nơi,high,"436,1375,568,1433",16,CacThanhTruyen4
crops_cleaned/page_0016/col06_char017.png,喡,U+55A1,và,medium,"436,1433,568,1543",16,CacThanhTruyen4
crops_cleaned/page_0016/col06_char018.png,固,U+56FA,có,high,"436,1544,568,1608",16,CacThanhTruyen4
crops_cleaned/page_0016/col06_char019.png,饒,U+9952,nhiều,high,"436,1620,568,1702",16,CacThanhTruyen4
crops_cleaned/page_0016/col06_char020.png,吝,U+541D,lần,high,"436,1707,568,1789",16,CacThanhTruyen4
crops_cleaned/page_0016/col06_char021.png,於,U+65BC,ở,high,"436,1792,568,1843",16,CacThanhTruyen4
crops_cleaned/page_0016/col06_char022.png,帝,U+5E1D,đấy,high,"436,1843,568,1915",16,CacThanhTruyen4
crops_cleaned/page_0016/col07_char000.png,豃,U+8C43,hãm,medium,"297,69,436,105",16,CacThanhTruyen4
crops_cleaned/page_0016/col07_char001.png,命,U+547D,mình,high,"297,122,436,191",16,CacThanhTruyen4
crops_cleaned/page_0016/col07_char002.png,共,U+5171,cùng,high,"297,191,436,278",16,CacThanhTruyen4
crops_cleaned/page_0016/col07_char003.png,各,U+5404,các,high,"297,288,436,354",16,CacThanhTruyen4
crops_cleaned/page_0016/col07_char004.png,偨,U+5068,thầy,medium,"297,365,436,444",16,CacThanhTruyen4
crops_cleaned/page_0016/col07_char005.png,吒,U+5412,Cha,high,"297,448,436,503",16,CacThanhTruyen4
crops_cleaned/page_0016/col07_char006.png,勜,U+52DC,người,medium,"297,514,436,595",16,CacThanhTruyen4
crops_cleaned/page_0016/col07_char007.png,先,U+5148,tên,high,"297,609,436,675",16,CacThanhTruyen4
crops_cleaned/page_0016/col07_char008.png,号,U+53F7,là,medium,"297,688,436,750",16,CacThanhTruyen4
crops_cleaned/page_0016/col07_char009.png,乌,U+4E4C,Ô,medium,"297,761,436,837",16,CacThanhTruyen4
crops_cleaned/page_0016/col07_char010.png,鴺,U+9D3A,ri,medium,"297,847,436,912",16,CacThanhTruyen4
crops_cleaned/page_0016/col07_char011.png,咙,U+5499,long,medium,"297,923,436,1002",16,CacThanhTruyen4
crops_cleaned/page_0016/col07_char012.png,拱,U+62F1,cũng,high,"297,1011,436,1066",16,CacThanhTruyen4
crops_cleaned/page_0016/col07_char013.png,込,U+8FBC,vào,medium,"297,1082,436,1143",16,CacThanhTruyen4
crops_cleaned/page_0016/col07_char014.png,匇,U+5307,dòng,medium,"297,1162,436,1220",16,CacThanhTruyen4
crops_cleaned/page_0016/col07_char015.png,意,U+610F,ấy,high,"297,1232,436,1329",16,CacThanhTruyen4
crops_cleaned/page_0016/col07_char016.png,女,U+5973,nữa,high,"297,1345,436,1399",16,CacThanhTruyen4
crops_cleaned/page_0016/col07_char017.png,嘛,U+561B,mà,medium,"297,1414,436,1472",16,CacThanhTruyen4
crops_cleaned/page_0016/col07_char018.png,持,U+6301,được,high,"297,1484,436,1550",16,CacThanhTruyen4
crops_cleaned/page_0016/col07_char019.png,刎,U+520E,một,medium,"297,1565,436,1635",16,CacThanhTruyen4
crops_cleaned/page_0016/col07_char020.png,炧,U+70A7,trăm,medium,"297,1641,436,1726",16,CacThanhTruyen4
crops_cleaned/page_0016/col07_char021.png,嵗,U+5D57,tuổi,medium,"297,1737,436,1824",16,CacThanhTruyen4
crops_cleaned/page_0016/col07_char022.png,罀,U+7F40,dày,medium,"297,1826,436,1909",16,CacThanhTruyen4
crops_cleaned/page_0016/col08_char000.png,饒,U+9952,nhiều,high,"158,69,297,122",16,CacThanhTruyen4
crops_cleaned/page_0016/col08_char001.png,偪,U+506A,phúc,medium,"158,137,297,216",16,CacThanhTruyen4
crops_cleaned/page_0016/col08_char002.png,徳,U+5FB3,đức,high,"158,228,297,299",16,CacThanhTruyen4
crops_cleaned/page_0016/col08_char003.png,厶,U+53B6,mới,medium,"158,321,297,402",16,CacThanhTruyen4
crops_cleaned/page_0016/col08_char004.png,生,U+751F,sinh,high,"158,413,297,422",16,CacThanhTruyen4
crops_cleaned/page_0016/col08_char005.png,时,U+65F6,thì,medium,"158,422,297,517",16,CacThanhTruyen4
crops_cleaned/page_0016/col08_char006.png,昆,U+6606,Con,high,"158,517,297,561",16,CacThanhTruyen4
crops_cleaned/page_0016/col08_char007.png,多,U+591A,đi,high,"158,575,297,649",16,CacThanhTruyen4
crops_cleaned/page_0016/col08_char008.png,巄,U+5DC4,cầu,medium,"158,660,297,723",16,CacThanhTruyen4
crops_cleaned/page_0016/col08_char009.png,喒,U+5592,cha,medium,"158,740,297,795",16,CacThanhTruyen4
crops_cleaned/page_0016/col08_char010.png,喡,U+55A1,và,medium,"158,801,297,846",16,CacThanhTruyen4
crops_cleaned/page_0016/col08_char011.png,朱,U+6731,cho,high,"158,846,297,948",16,CacThanhTruyen4
crops_cleaned/page_0016/col08_char012.png,召,U+53EC,chịu,high,"158,960,297,1019",16,CacThanhTruyen4
crops_cleaned/page_0016/col08_char013.png,喿,U+55BF,Cô,medium,"158,1033,297,1083",16,CacThanhTruyen4
crops_cleaned/page_0016/col08_char014.png,嫫,U+5AEB,mô,medium,"158,1089,297,1159",16,CacThanhTruyen4
crops_cleaned/page_0016/col08_char015.png,戎,U+620E,nhong,high,"158,1167,297,1238",16,CacThanhTruyen4
crops_cleaned/page_0016/col08_char016.png,共,U+5171,cùng,high,"158,1249,297,1290",16,CacThanhTruyen4
crops_cleaned/page_0016/col08_char017.png,拮,U+62EE,cất,high,"158,1318,297,1372",16,CacThanhTruyen4
crops_cleaned/page_0016/col08_char018.png,愨,U+6128,xác,medium,"158,1378,297,1458",16,CacThanhTruyen4
crops_cleaned/page_0016/col08_char019.png,袄,U+8884,Mẹ,medium,"158,1464,297,1551",16,CacThanhTruyen4
crops_cleaned/page_0016/col08_char020.png,圤,U+5724,người,medium,"158,1556,297,1633",16,CacThanhTruyen4
crops_cleaned/page_0016/col08_char021.png,拱,U+62F1,cũng,high,"158,1648,297,1701",16,CacThanhTruyen4
crops_cleaned/page_0016/col08_char022.png,悶,U+60B6,muốn,high,"158,1718,297,1799",16,CacThanhTruyen4
crops_cleaned/page_0016/col08_char023.png,補,U+88DC,bỏ,high,"158,1800,297,1890",16,CacThanhTruyen4
crops_cleaned/page_0016/col09_char000.png,事,U+4E8B,sự,high,"30,69,158,116",16,CacThanhTruyen4
crops_cleaned/page_0016/col09_char001.png,世,U+4E16,thế,high,"30,124,158,181",16,CacThanhTruyen4
crops_cleaned/page_0016/col09_char002.png,艰,U+8270,gian,medium,"30,196,158,267",16,CacThanhTruyen4
crops_cleaned/page_0016/col09_char003.png,双,U+53CC,song,high,"30,277,158,327",16,CacThanhTruyen4
crops_cleaned/page_0016/col09_char004.png,藜,U+85DC,le,medium,"30,338,158,413",16,CacThanhTruyen4
crops_cleaned/page_0016/col09_char005.png,昆,U+6606,con,high,"30,430,158,492",16,CacThanhTruyen4
crops_cleaned/page_0016/col09_char006.png,奸,U+5978,can,medium,"30,506,158,519",16,CacThanhTruyen4
crops_cleaned/page_0016/col09_char007.png,蔴,U+8534,mà,medium,"30,519,158,623",16,CacThanhTruyen4
crops_cleaned/page_0016/col09_char008.png,勸,U+52F8,khuyên,high,"30,653,158,713",16,CacThanhTruyen4
crops_cleaned/page_0016/col09_char009.png,餒,U+9912,nuôi,high,"30,733,158,807",16,CacThanhTruyen4
crops_cleaned/page_0016/col09_char010.png,仍,U+4ECD,những,high,"30,821,158,887",16,CacThanhTruyen4
crops_cleaned/page_0016/col09_char011.png,昆,U+6606,con,high,"30,902,158,969",16,CacThanhTruyen4
crops_cleaned/page_0016/col09_char012.png,悶,U+60B6,mọn,high,"30,984,158,1060",16,CacThanhTruyen4
crops_cleaned/page_0016/col09_char013.png,爲,U+7232,vì,high,"30,1069,158,1162",16,CacThanhTruyen4
crops_cleaned/page_0016/col09_char014.png,餒,U+9912,nuôi,high,"30,1170,158,1241",16,CacThanhTruyen4
crops_cleaned/page_0016/col09_char015.png,爫,U+722B,làm,medium,"30,1249,158,1289",16,CacThanhTruyen4
crops_cleaned/page_0016/col09_char016.png,物,U+7269,vậy,medium,"30,1301,158,1357",16,CacThanhTruyen4
crops_cleaned/page_0016/col09_char017.png,拱,U+62F1,cũng,high,"30,1369,158,1432",16,CacThanhTruyen4
crops_cleaned/page_0016/col09_char018.png,固,U+56FA,có,high,"30,1452,158,1517",16,CacThanhTruyen4
crops_cleaned/page_0016/col09_char019.png,楅,U+6945,phúc,medium,"30,1528,158,1609",16,CacThanhTruyen4
crops_cleaned/page_0016/col09_char020.png,重,U+91CD,trọng,high,"30,1622,158,1705",16,CacThanhTruyen4
crops_cleaned/page_0016/col09_char021.png,女,U+5973,nữa,high,"30,1715,158,1781",16,CacThanhTruyen4
crops_cleaned/page_0016/col09_char022.png,旦,U+65E6,Đến,high,"30,1781,158,1824",16,CacThanhTruyen4
crops_cleaned/page_0016/col09_char023.png,攲,U+6532,khi,medium,"30,1829,158,1901",16,CacThanhTruyen4
crops_cleaned/page_0018/col01_char001.png,翁,U+7FC1,ông,high,"1197,164,1324,204",18,CacThanhTruyen4
crops_cleaned/page_0018/col01_char002.png,圣,U+5723,Thánh,medium,"1197,205,1324,245",18,CacThanhTruyen4
crops_cleaned/page_0018/col01_char003.png,怮,U+602E,U,medium,"1197,257,1324,329",18,CacThanhTruyen4
crops_cleaned/page_0018/col01_char004.png,姑,U+59D1,cô,high,"1197,344,1324,393",18,CacThanhTruyen4
crops_cleaned/page_0018/col01_char005.png,特,U+7279,được,high,"1197,397,1324,467",18,CacThanhTruyen4
crops_cleaned/page_0018/col01_char006.png,籸,U+7C78,tám,medium,"1197,478,1324,557",18,CacThanhTruyen4
crops_cleaned/page_0018/col01_char007.png,𠦩,U+209A9,mươi,medium,"1197,572,1324,675",18,CacThanhTruyen4
crops_cleaned/page_0018/col01_char008.png,嵗,U+5D57,tuổi,medium,"1197,682,1324,769",18,CacThanhTruyen4
crops_cleaned/page_0018/col01_char009.png,喡,U+55A1,và,medium,"1197,769,1324,804",18,CacThanhTruyen4
crops_cleaned/page_0018/col01_char010.png,薬,U+85AC,ước,medium,"1197,806,1324,868",18,CacThanhTruyen4
crops_cleaned/page_0018/col01_char011.png,坳,U+5773,ao,medium,"1197,876,1324,937",18,CacThanhTruyen4
crops_cleaned/page_0018/col01_char012.png,体,U+4F53,thấy,high,"1197,955,1324,1009",18,CacThanhTruyen4
crops_cleaned/page_0018/col01_char013.png,末,U+672B,mặt,high,"1197,1025,1324,1082",18,CacThanhTruyen4
crops_cleaned/page_0018/col01_char014.png,主,U+4E3B,Chúa,high,"1197,1099,1324,1159",18,CacThanhTruyen4
crops_cleaned/page_0018/col01_char015.png,怺,U+603A,muôn,medium,"1197,1168,1324,1222",18,CacThanhTruyen4
crops_cleaned/page_0018/col01_char016.png,物,U+7269,vật,high,"1197,1235,1324,1304",18,CacThanhTruyen4
crops_cleaned/page_0018/col01_char017.png,煏,U+714F,tỏ,medium,"1197,1311,1324,1369",18,CacThanhTruyen4
crops_cleaned/page_0018/col01_char018.png,庠,U+5EA0,tường,medium,"1197,1383,1324,1455",18,CacThanhTruyen4
crops_cleaned/page_0018/col01_char020.png,时,U+65F6,thì,medium,"1197,1482,1324,1614",18,CacThanhTruyen4
crops_cleaned/page_0018/col01_char021.png,徳,U+5FB3,Đức,high,"1197,1623,1324,1697",18,CacThanhTruyen4
crops_cleaned/page_0018/col01_char022.png,主,U+4E3B,Chúa,high,"1197,1724,1324,1770",18,CacThanhTruyen4
crops_cleaned/page_0018/col01_char023.png,旹,U+65F9,Trời,medium,"1197,1779,1324,1848",18,CacThanhTruyen4
crops_cleaned/page_0018/col01_char024.png,綽,U+7DBD,rước,high,"1197,1851,1324,1906",18,CacThanhTruyen4
crops_cleaned/page_0018/col02_char000.png,喡,U+55A1,và,medium,"1056,72,1197,144",18,CacThanhTruyen4
crops_cleaned/page_0018/col02_char001.png,爫,U+722B,làm,medium,"1056,144,1197,213",18,CacThanhTruyen4
crops_cleaned/page_0018/col02_char002.png,饒,U+9952,nhiều,high,"1056,213,1197,361",18,CacThanhTruyen4
crops_cleaned/page_0018/col02_char003.png,灋,U+704B,phép,medium,"1056,365,1197,449",18,CacThanhTruyen4
crops_cleaned/page_0018/col02_char004.png,逻,U+903B,lạ,medium,"1056,456,1197,530",18,CacThanhTruyen4
crops_cleaned/page_0018/col02_char005.png,爲,U+7232,vì,high,"1056,535,1197,618",18,CacThanhTruyen4
crops_cleaned/page_0018/col02_char006.png,攻,U+653B,công,medium,"1056,624,1197,781",18,CacThanhTruyen4
crops_cleaned/page_0018/col02_char007.png,业,U+4E1A,nghiệp,medium,"1056,786,1197,889",18,CacThanhTruyen4
crops_cleaned/page_0018/col02_char008.png,圤,U+5724,người,medium,"1056,897,1197,1012",18,CacThanhTruyen4
crops_cleaned/page_0018/col03_char000.png,甆,U+7506,Từ,medium,"882,72,1056,114",18,CacThanhTruyen4
crops_cleaned/page_0018/col03_char001.png,徳,U+5FB3,Đức,high,"882,125,1056,203",18,CacThanhTruyen4
crops_cleaned/page_0018/col03_char002.png,主,U+4E3B,Chúa,high,"882,212,1056,263",18,CacThanhTruyen4
crops_cleaned/page_0018/col03_char003.png,支,U+652F,Giê,high,"882,275,1056,347",18,CacThanhTruyen4
crops_cleaned/page_0018/col03_char004.png,秋,U+79CB,su,high,"882,354,1056,416",18,CacThanhTruyen4
crops_cleaned/page_0018/col03_char005.png,囖,U+56D6,ra,medium,"882,431,1056,492",18,CacThanhTruyen4
crops_cleaned/page_0018/col03_char006.png,代,U+4EE3,đời,high,"882,512,1056,563",18,CacThanhTruyen4
crops_cleaned/page_0018/col03_char007.png,朱,U+6731,cho,high,"882,574,1056,645",18,CacThanhTruyen4
crops_cleaned/page_0018/col03_char008.png,旦,U+65E6,đến,high,"882,645,1056,688",18,CacThanhTruyen4
crops_cleaned/page_0018/col03_char009.png,翁,U+7FC1,ông,high,"882,723,1056,804",18,CacThanhTruyen4
crops_cleaned/page_0018/col03_char010.png,聖,U+8056,Thánh,medium,"882,812,1056,895",18,CacThanhTruyen4
crops_cleaned/page_0018/col03_char011.png,怩,U+6029,này,medium,"882,912,1056,977",18,CacThanhTruyen4
crops_cleaned/page_0018/col03_char012.png,塊,U+584A,khỏi,high,"882,985,1056,1060",18,CacThanhTruyen4
crops_cleaned/page_0018/col03_char013.png,刎,U+520E,một,medium,"882,1070,1056,1139",18,CacThanhTruyen4
crops_cleaned/page_0018/col03_char014.png,懯,U+61EF,nghìn,medium,"882,1145,1056,1227",18,CacThanhTruyen4
crops_cleaned/page_0018/col03_char015.png,刎,U+520E,một,medium,"882,1243,1056,1305",18,CacThanhTruyen4
crops_cleaned/page_0018/col03_char016.png,炧,U+70A7,trăm,medium,"882,1315,1056,1396",18,CacThanhTruyen4
crops_cleaned/page_0018/col03_char017.png,巴,U+5DF4,ba,high,"882,1415,1056,1471",18,CacThanhTruyen4
crops_cleaned/page_0018/col03_char018.png,邁,U+9081,mươi,high,"882,1489,1056,1583",18,CacThanhTruyen4
crops_cleaned/page_0018/col03_char019.png,侼,U+4FBC,hai,medium,"882,1597,1056,1649",18,CacThanhTruyen4
crops_cleaned/page_0018/col03_char020.png,南,U+5357,năm,high,"882,1666,1056,1766",18,CacThanhTruyen4
crops_cleaned/page_0018/col04_char000.png,卮,U+536E,Chi,medium,"766,175,882,343",18,CacThanhTruyen4
crops_cleaned/page_0018/col04_char001.png,估,U+4F30,cô,medium,"766,493,882,587",18,CacThanhTruyen4
crops_cleaned/page_0018/col04_char002.png,抛,U+629B,phao,medium,"766,587,882,678",18,CacThanhTruyen4
crops_cleaned/page_0018/col04_char003.png,啰,U+5570,la,medium,"766,678,882,886",18,CacThanhTruyen4
crops_cleaned/page_0018/col04_char004.png,傳,U+50B3,truyện,high,"766,890,882,1049",18,CacThanhTruyen4
crops_cleaned/page_0018/col05_char000.png,中,U+4E2D,Trong,high,"610,72,766,119",18,CacThanhTruyen4
crops_cleaned/page_0018/col05_char001.png,搩,U+6429,nước,medium,"610,124,766,194",18,CacThanhTruyen4
crops_cleaned/page_0018/col05_char002.png,那,U+90A3,Na,high,"610,208,766,291",18,CacThanhTruyen4
crops_cleaned/page_0018/col05_char003.png,巫,U+5DEB,vu,medium,"610,294,766,348",18,CacThanhTruyen4
crops_cleaned/page_0018/col05_char004.png,棃,U+68C3,lê,medium,"610,356,766,435",18,CacThanhTruyen4
crops_cleaned/page_0018/col05_char005.png,處,U+8655,xứ,high,"610,443,766,516",18,CacThanhTruyen4
crops_cleaned/page_0018/col05_char007.png,椤,U+6924,la,medium,"610,609,766,672",18,CacThanhTruyen4
crops_cleaned/page_0018/col05_char008.png,蛦,U+86E6,ri,medium,"610,681,766,750",18,CacThanhTruyen4
crops_cleaned/page_0018/col05_char009.png,兮,U+516E,a,medium,"610,771,766,833",18,CacThanhTruyen4
crops_cleaned/page_0018/col05_char010.png,生,U+751F,sinh,high,"610,833,766,893",18,CacThanhTruyen4
crops_cleaned/page_0018/col05_char011.png,囉,U+56C9,ra,medium,"610,907,766,965",18,CacThanhTruyen4
crops_cleaned/page_0018/col05_char012.png,翁,U+7FC1,ông,high,"610,974,766,1056",18,CacThanhTruyen4
crops_cleaned/page_0018/col05_char013.png,圣,U+5723,Thánh,medium,"610,1064,766,1152",18,CacThanhTruyen4
crops_cleaned/page_0018/col05_char014.png,巵,U+5DF5,Chi,medium,"610,1156,766,1230",18,CacThanhTruyen4
crops_cleaned/page_0018/col05_char015.png,嫴,U+5AF4,cô,medium,"610,1243,766,1293",18,CacThanhTruyen4
crops_cleaned/page_0018/col05_char016.png,媑,U+5A91,gần,medium,"610,1293,766,1376",18,CacThanhTruyen4
crops_cleaned/page_0018/col05_char017.png,尼,U+5C3C,nơi,high,"610,1380,766,1447",18,CacThanhTruyen4
crops_cleaned/page_0018/col05_char018.png,廊,U+5ECA,làng,high,"610,1455,766,1549",18,CacThanhTruyen4
crops_cleaned/page_0018/col05_char019.png,先,U+5148,tên,high,"610,1554,766,1641",18,CacThanhTruyen4
crops_cleaned/page_0018/col05_char020.png,号,U+53F7,là,medium,"610,1641,766,1673",18,CacThanhTruyen4
crops_cleaned/page_0018/col05_char021.png,抛,U+629B,Phao,high,"610,1674,766,1710",18,CacThanhTruyen4
crops_cleaned/page_0018/col05_char022.png,囉,U+56C9,ra,medium,"610,1722,766,1782",18,CacThanhTruyen4
crops_cleaned/page_0018/col05_char023.png,喒,U+5592,Cha,medium,"610,1803,766,1906",18,CacThanhTruyen4
crops_cleaned/page_0018/col06_char000.png,袄,U+8884,mẹ,medium,"468,72,610,141",18,CacThanhTruyen4
crops_cleaned/page_0018/col06_char001.png,庫,U+5EAB,khó,high,"468,147,610,263",18,CacThanhTruyen4
crops_cleaned/page_0018/col06_char002.png,中,U+4E2D,khăn,high,"468,263,610,387",18,CacThanhTruyen4
crops_cleaned/page_0018/col06_char003.png,共,U+5171,cùng,high,"468,387,610,403",18,CacThanhTruyen4
crops_cleaned/page_0018/col06_char004.png,咹,U+54B9,hèn,medium,"468,413,610,498",18,CacThanhTruyen4
crops_cleaned/page_0018/col06_char005.png,畧,U+7567,trước,high,"468,516,610,613",18,CacThanhTruyen4
crops_cleaned/page_0018/col06_char006.png,末,U+672B,mặt,high,"468,621,610,704",18,CacThanhTruyen4
crops_cleaned/page_0018/col06_char007.png,圤,U+5724,người,medium,"468,715,610,805",18,CacThanhTruyen4
crops_cleaned/page_0018/col06_char008.png,世,U+4E16,thế,high,"468,816,610,890",18,CacThanhTruyen4
crops_cleaned/page_0018/col06_char009.png,姦,U+59E6,gian,medium,"468,898,610,1043",18,CacThanhTruyen4
crops_cleaned/page_0018/col06_char010.png,双,U+53CC,song,high,"468,1051,610,1147",18,CacThanhTruyen4
crops_cleaned/page_0018/col06_char011.png,藜,U+85DC,le,medium,"468,1157,610,1236",18,CacThanhTruyen4
crops_cleaned/page_0018/col06_char012.png,剏,U+524F,sang,medium,"468,1245,610,1297",18,CacThanhTruyen4
crops_cleaned/page_0018/col06_char013.png,蚛,U+869B,trọng,medium,"468,1297,610,1486",18,CacThanhTruyen4
crops_cleaned/page_0018/col06_char014.png,廩,U+5EE9,lắm,high,"468,1496,610,1600",18,CacThanhTruyen4
crops_cleaned/page_0018/col06_char015.png,爲,U+7232,vì,high,"468,1609,610,1716",18,CacThanhTruyen4
crops_cleaned/page_0018/col06_char016.png,枼,U+67BC,đẹp,high,"468,1727,610,1813",18,CacThanhTruyen4
crops_cleaned/page_0018/col06_char017.png,弄,U+5F04,lòng,high,"468,1820,610,1906",18,CacThanhTruyen4
crops_cleaned/page_0018/col07_char000.png,德,U+5FB7,Đức,high,"315,72,468,126",18,CacThanhTruyen4
crops_cleaned/page_0018/col07_char001.png,主,U+4E3B,Chúa,high,"315,158,468,221",18,CacThanhTruyen4
crops_cleaned/page_0018/col07_char002.png,天,U+5929,Trời,medium,"315,230,468,325",18,CacThanhTruyen4
crops_cleaned/page_0018/col07_char003.png,倛,U+501B,Khi,medium,"315,332,468,426",18,CacThanhTruyen4
crops_cleaned/page_0018/col07_char004.png,圤,U+5724,người,medium,"315,431,468,519",18,CacThanhTruyen4
crops_cleaned/page_0018/col07_char005.png,群,U+7FA4,còn,high,"315,540,468,636",18,CacThanhTruyen4
crops_cleaned/page_0018/col07_char006.png,娋,U+5A0B,trẻ,medium,"315,643,468,712",18,CacThanhTruyen4
crops_cleaned/page_0018/col07_char007.png,推,U+63A8,suy,high,"315,719,468,812",18,CacThanhTruyen4
crops_cleaned/page_0018/col07_char008.png,特,U+7279,được,high,"315,816,468,895",18,CacThanhTruyen4
crops_cleaned/page_0018/col07_char009.png,事,U+4E8B,sự,high,"315,901,468,1000",18,CacThanhTruyen4
crops_cleaned/page_0018/col07_char010.png,世,U+4E16,thế,high,"315,1011,468,1083",18,CacThanhTruyen4
crops_cleaned/page_0018/col07_char011.png,艰,U+8270,gian,medium,"315,1096,468,1186",18,CacThanhTruyen4
crops_cleaned/page_0018/col07_char012.png,囉,U+56C9,là,medium,"315,1203,468,1275",18,CacThanhTruyen4
crops_cleaned/page_0018/col07_char013.png,事,U+4E8B,sự,high,"315,1285,468,1387",18,CacThanhTruyen4
crops_cleaned/page_0018/col07_char014.png,咹,U+54B9,hèn,medium,"315,1398,468,1485",18,CacThanhTruyen4
crops_cleaned/page_0018/col07_char015.png,廩,U+5EE9,lắm,high,"315,1498,468,1605",18,CacThanhTruyen4
crops_cleaned/page_0018/col07_char016.png,嘛,U+561B,mà,medium,"315,1611,468,1682",18,CacThanhTruyen4
crops_cleaned/page_0018/col07_char017.png,爫,U+722B,làm,medium,"315,1696,468,1740",18,CacThanhTruyen4
crops_cleaned/page_0018/col07_char018.png,伴,U+4F34,bạn,high,"315,1754,468,1830",18,CacThanhTruyen4
crops_cleaned/page_0018/col07_char019.png,共,U+5171,cùng,high,"315,1831,468,1882",18,CacThanhTruyen4
crops_cleaned/page_0018/col08_char000.png,圤,U+5724,người,medium,"174,72,315,129",18,CacThanhTruyen4
crops_cleaned/page_0018/col08_char001.png,些,U+4E9B,ta,high,"174,146,315,243",18,CacThanhTruyen4
crops_cleaned/page_0018/col08_char002.png,塊,U+584A,khỏi,high,"174,255,315,339",18,CacThanhTruyen4
crops_cleaned/page_0018/col08_char003.png,罪,U+7F6A,tội,high,"174,358,315,449",18,CacThanhTruyen4
crops_cleaned/page_0018/col08_char004.png,囉,U+56C9,là,medium,"174,456,315,523",18,CacThanhTruyen4
crops_cleaned/page_0018/col08_char005.png,祸,U+7978,họa,medium,"174,534,315,626",18,CacThanhTruyen4
crops_cleaned/page_0018/col08_char006.png,時,U+6642,thời,high,"174,626,315,717",18,CacThanhTruyen4
crops_cleaned/page_0018/col08_char007.png,圤,U+5724,người,medium,"174,721,315,822",18,CacThanhTruyen4
crops_cleaned/page_0018/col08_char008.png,連,U+9023,lên,high,"174,830,315,921",18,CacThanhTruyen4
crops_cleaned/page_0018/col08_char009.png,棱,U+68F1,rừng,high,"174,923,315,1010",18,CacThanhTruyen4
crops_cleaned/page_0018/col08_char010.png,於,U+65BC,ở,high,"174,1015,315,1093",18,CacThanhTruyen4
crops_cleaned/page_0018/col08_char011.png,帝,U+5E1D,đấy,high,"174,1102,315,1115",18,CacThanhTruyen4
crops_cleaned/page_0018/col08_char012.png,婅,U+5A45,sáu,medium,"174,1115,315,1269",18,CacThanhTruyen4
crops_cleaned/page_0018/col08_char013.png,璏,U+748F,năm,medium,"174,1285,315,1386",18,CacThanhTruyen4
crops_cleaned/page_0018/col08_char014.png,召,U+53EC,chịu,high,"174,1394,315,1467",18,CacThanhTruyen4
crops_cleaned/page_0018/col08_char015.png,仍,U+4ECD,những,high,"174,1484,315,1559",18,CacThanhTruyen4
crops_cleaned/page_0018/col08_char016.png,肁,U+8081,đói,medium,"174,1568,315,1644",18,CacThanhTruyen4
crops_cleaned/page_0018/col08_char017.png,渇,U+6E07,khát,high,"174,1657,315,1757",18,CacThanhTruyen4
crops_cleaned/page_0018/col08_char018.png,共,U+5171,cùng,high,"174,1757,315,1826",18,CacThanhTruyen4
crops_cleaned/page_0018/col08_char019.png,每,U+6BCF,mọi,high,"174,1829,315,1906",18,CacThanhTruyen4
crops_cleaned/page_0018/col09_char000.png,事,U+4E8B,sự,high,"45,72,174,144",18,CacThanhTruyen4
crops_cleaned/page_0018/col09_char001.png,庫,U+5EAB,khó,high,"45,154,174,290",18,CacThanhTruyen4
crops_cleaned/page_0018/col09_char002.png,米,U+7C73,về,medium,"45,299,174,385",18,CacThanhTruyen4
crops_cleaned/page_0018/col09_char003.png,慤,U+6164,xác,medium,"45,400,174,505",18,CacThanhTruyen4
crops_cleaned/page_0018/col09_char004.png,双,U+53CC,song,high,"45,513,174,583",18,CacThanhTruyen4
crops_cleaned/page_0018/col09_char005.png,囄,U+56C4,le,medium,"45,595,174,691",18,CacThanhTruyen4
crops_cleaned/page_0018/col09_char006.png,奴,U+5974,no,high,"45,707,174,771",18,CacThanhTruyen4
crops_cleaned/page_0018/col09_char007.png,薹,U+85B9,đầy,medium,"45,784,174,871",18,CacThanhTruyen4
crops_cleaned/page_0018/col09_char008.png,岭,U+5CAD,linh,medium,"45,882,174,986",18,CacThanhTruyen4
crops_cleaned/page_0018/col09_char009.png,楎,U+694E,hồn,medium,"45,993,174,1088",18,CacThanhTruyen4
crops_cleaned/page_0018/col09_char010.png,旦,U+65E6,Đến,high,"45,1088,174,1162",18,CacThanhTruyen4
crops_cleaned/page_0018/col09_char011.png,挧,U+6327,ngày,medium,"45,1177,174,1267",18,CacThanhTruyen4
crops_cleaned/page_0018/col09_char012.png,畱,U+7571,sau,medium,"45,1276,174,1383",18,CacThanhTruyen4
crops_cleaned/page_0018/col09_char013.png,圤,U+5724,người,medium,"45,1383,174,1474",18,CacThanhTruyen4
crops_cleaned/page_0018/col09_char014.png,些,U+4E9B,ta,high,"45,1488,174,1562",18,CacThanhTruyen4
crops_cleaned/page_0018/col09_char015.png,体,U+4F53,thấy,high,"45,1577,174,1651",18,CacThanhTruyen4
crops_cleaned/page_0018/col09_char016.png,偪,U+506A,phúc,medium,"45,1666,174,1771",18,CacThanhTruyen4
crops_cleaned/page_0018/col09_char017.png,圤,U+5724,người,medium,"45,1783,174,1906",18,CacThanhTruyen4
