crop_file,nom_char,unicode,syllable,matched,tier,bbox,page,source
crops/page_0012/col01_char000.png,𠇕,U+201D5,tháng,True,3,"[1159, 318, 1253, 414]",page_0012,CacThanhTruyen4
crops/page_0012/col01_char001.png,糈,U+7CC8,tư,True,3,"[1159, 414, 1253, 511]",page_0012,CacThanhTruyen4
crops/page_0012/col01_char002.png,荂,U+8342,MỒNG,True,3,"[1159, 511, 1253, 608]",page_0012,CacThanhTruyen4
crops/page_0012/col01_char003.png,蔑,U+8511,MỘT,True,1,"[1159, 608, 1253, 705]",page_0012,CacThanhTruyen4
crops/page_0012/col01_char004.png,翁,U+7FC1,Ông,True,1,"[1161, 843, 1265, 930]",page_0012,CacThanhTruyen4
crops/page_0012/col01_char005.png,喒,U+5592,Thánh,True,3,"[1161, 930, 1265, 1018]",page_0012,CacThanhTruyen4
crops/page_0012/col01_char006.png,秀,U+79C0,U,True,3,"[1161, 1018, 1265, 1106]",page_0012,CacThanhTruyen4
crops/page_0012/col01_char007.png,姑,U+59D1,cô,True,1,"[1161, 1106, 1265, 1194]",page_0012,CacThanhTruyen4
crops/page_0012/col01_char008.png,曰,U+66F0,viết,True,1,"[1161, 1194, 1265, 1282]",page_0012,CacThanhTruyen4
crops/page_0012/col01_char009.png,模,U+6A21,vồ,True,3,"[1161, 1282, 1265, 1370]",page_0012,CacThanhTruyen4
crops/page_0012/col01_char010.png,傳,U+50B3,truyện,True,1,"[1161, 1370, 1265, 1458]",page_0012,CacThanhTruyen4
crops/page_0012/col02_char000.png,翁,U+7FC1,Ông,True,1,"[1016, 22, 1125, 117]",page_0012,CacThanhTruyen4
crops/page_0012/col02_char001.png,𨉑,U+28251,Thánh,True,3,"[1016, 117, 1125, 212]",page_0012,CacThanhTruyen4
crops/page_0012/col02_char002.png,𠼱,U+20F31,này,True,3,"[1016, 212, 1125, 307]",page_0012,CacThanhTruyen4
crops/page_0012/col02_char003.png,生,U+751F,sinh,True,1,"[1016, 307, 1125, 402]",page_0012,CacThanhTruyen4
crops/page_0012/col02_char004.png,威,U+5A01,ra,True,3,"[1016, 402, 1125, 497]",page_0012,CacThanhTruyen4
crops/page_0012/col02_char005.png,於,U+65BC,ở,True,1,"[1016, 497, 1125, 592]",page_0012,CacThanhTruyen4
crops/page_0012/col02_char006.png,痦,U+75E6,nước,True,3,"[1016, 592, 1125, 687]",page_0012,CacThanhTruyen4
crops/page_0012/col02_char007.png,葩,U+8469,Pha,True,1,"[1016, 687, 1125, 782]",page_0012,CacThanhTruyen4
crops/page_0012/col02_char008.png,蘭,U+862D,lan,True,1,"[1016, 782, 1125, 877]",page_0012,CacThanhTruyen4
crops/page_0012/col02_char009.png,楂,U+6942,sa,True,3,"[1016, 877, 1125, 972]",page_0012,CacThanhTruyen4
crops/page_0012/col02_char010.png,尼,U+5C3C,nơi,True,1,"[1016, 972, 1125, 1067]",page_0012,CacThanhTruyen4
crops/page_0012/col02_char011.png,籀,U+7C40,sang,True,3,"[1016, 1067, 1125, 1162]",page_0012,CacThanhTruyen4
crops/page_0012/col02_char012.png,重,U+91CD,trọng,True,1,"[1016, 1162, 1125, 1257]",page_0012,CacThanhTruyen4
crops/page_0012/col02_char013.png,欺,U+6B3A,Khi,True,1,"[1016, 1257, 1125, 1352]",page_0012,CacThanhTruyen4
crops/page_0012/col02_char014.png,侉,U+4F89,người,True,3,"[1016, 1352, 1125, 1447]",page_0012,CacThanhTruyen4
crops/page_0012/col02_char015.png,群,U+7FA4,còn,True,1,"[1016, 1447, 1125, 1542]",page_0012,CacThanhTruyen4
crops/page_0012/col02_char016.png,於,U+65BC,ở,True,1,"[1016, 1542, 1125, 1637]",page_0012,CacThanhTruyen4
crops/page_0012/col02_char017.png,中,U+4E2D,trong,True,1,"[1016, 1637, 1125, 1732]",page_0012,CacThanhTruyen4
crops/page_0012/col02_char018.png,棁,U+68C1,thai,True,3,"[1016, 1732, 1125, 1827]",page_0012,CacThanhTruyen4
crops/page_0012/col02_char019.png,時,U+6642,thì,True,1,"[1016, 1827, 1125, 1923]",page_0012,CacThanhTruyen4
crops/page_0012/col03_char000.png,媄,U+5A84,mẹ,True,3,"[877, 25, 979, 115]",page_0012,CacThanhTruyen4
crops/page_0012/col03_char001.png,敬,U+656C,kính,True,2,"[877, 115, 979, 205]",page_0012,CacThanhTruyen4
crops/page_0012/col03_char002.png,昆,U+6606,con,True,1,"[877, 205, 979, 296]",page_0012,CacThanhTruyen4
crops/page_0012/col03_char003.png,凜,U+51DC,lắm,True,1,"[877, 296, 979, 386]",page_0012,CacThanhTruyen4
crops/page_0012/col03_char004.png,爲,U+7232,vì,True,1,"[877, 386, 979, 476]",page_0012,CacThanhTruyen4
crops/page_0012/col03_char005.png,想,U+60F3,tưởng,True,1,"[877, 476, 979, 567]",page_0012,CacThanhTruyen4
crops/page_0012/col03_char006.png,体,U+4F53,thấy,True,1,"[877, 567, 979, 657]",page_0012,CacThanhTruyen4
crops/page_0012/col03_char007.png,翁,U+7FC1,ông,True,1,"[877, 657, 979, 748]",page_0012,CacThanhTruyen4
crops/page_0012/col03_char008.png,喒,U+5592,Thánh,True,3,"[877, 748, 979, 838]",page_0012,CacThanhTruyen4
crops/page_0012/col03_char009.png,批,U+6279,Phê,True,1,"[877, 838, 979, 928]",page_0012,CacThanhTruyen4
crops/page_0012/col03_char010.png,噜,U+565C,rô,True,2,"[877, 928, 979, 1019]",page_0012,CacThanhTruyen4
crops/page_0012/col03_char011.png,󰝂,U+F0742,đem,True,3,"[877, 1019, 979, 1109]",page_0012,CacThanhTruyen4
crops/page_0012/col03_char012.png,𡼇,U+21F07,con,True,3,"[877, 1109, 979, 1199]",page_0012,CacThanhTruyen4
crops/page_0012/col03_char013.png,命,U+547D,mình,True,1,"[877, 1199, 979, 1290]",page_0012,CacThanhTruyen4
crops/page_0012/col03_char014.png,連,U+9023,liên,True,1,"[877, 1290, 979, 1380]",page_0012,CacThanhTruyen4
crops/page_0012/col03_char015.png,時,U+6642,thì,True,1,"[877, 1380, 979, 1471]",page_0012,CacThanhTruyen4
crops/page_0012/col03_char016.png,𤷶,U+24DF6,mẹ,True,3,"[877, 1471, 979, 1561]",page_0012,CacThanhTruyen4
crops/page_0012/col03_char017.png,󰋇,U+F02C7,mới,True,3,"[877, 1561, 979, 1651]",page_0012,CacThanhTruyen4
crops/page_0012/col03_char018.png,别,U+522B,biết,True,1,"[877, 1651, 979, 1742]",page_0012,CacThanhTruyen4
crops/page_0012/col03_char019.png,昆,U+6606,con,True,2,"[877, 1742, 979, 1832]",page_0012,CacThanhTruyen4
crops/page_0012/col03_char020.png,待,U+5F85,ngày,True,3,"[877, 1832, 979, 1923]",page_0012,CacThanhTruyen4
crops/page_0012/col04_char000.png,𢖖,U+22596,sau,True,3,"[735, 105, 849, 188]",page_0012,CacThanhTruyen4
crops/page_0012/col04_char001.png,𦨜,U+26A1C,được,True,3,"[735, 188, 849, 271]",page_0012,CacThanhTruyen4
crops/page_0012/col04_char002.png,骇,U+9A87,chức,True,3,"[735, 271, 849, 353]",page_0012,CacThanhTruyen4
crops/page_0012/col04_char003.png,穹,U+7A79,coi,True,3,"[735, 353, 849, 436]",page_0012,CacThanhTruyen4
crops/page_0012/col04_char004.png,本,U+672C,bổn,True,1,"[735, 436, 849, 519]",page_0012,CacThanhTruyen4
crops/page_0012/col04_char005.png,道,U+9053,đạo,True,1,"[735, 519, 849, 602]",page_0012,CacThanhTruyen4
crops/page_0012/col04_char006.png,窖,U+7A96,và,True,3,"[735, 602, 849, 684]",page_0012,CacThanhTruyen4
crops/page_0012/col04_char007.png,葉,U+8449,đẹp,True,1,"[735, 684, 849, 767]",page_0012,CacThanhTruyen4
crops/page_0012/col04_char008.png,弄,U+5F04,lòng,True,1,"[735, 767, 849, 850]",page_0012,CacThanhTruyen4
crops/page_0012/col04_char009.png,徳,U+5FB3,Đức,True,1,"[735, 850, 849, 933]",page_0012,CacThanhTruyen4
crops/page_0012/col04_char010.png,主,U+4E3B,Chúa,True,1,"[735, 933, 849, 1015]",page_0012,CacThanhTruyen4
crops/page_0012/col04_char011.png,𢚸,U+226B8,Trời,True,3,"[735, 1015, 849, 1098]",page_0012,CacThanhTruyen4
crops/page_0012/col04_char012.png,丕,U+4E15,Vậy,True,3,"[735, 1098, 849, 1181]",page_0012,CacThanhTruyen4
crops/page_0012/col04_char013.png,讛,U+8B9B,mẹ,True,3,"[735, 1181, 849, 1264]",page_0012,CacThanhTruyen4
crops/page_0012/col04_char014.png,餒,U+9912,nuôi,True,1,"[735, 1264, 849, 1346]",page_0012,CacThanhTruyen4
crops/page_0012/col04_char015.png,晜,U+665C,con,True,2,"[735, 1346, 849, 1429]",page_0012,CacThanhTruyen4
crops/page_0012/col04_char016.png,茄,U+8304,như,True,2,"[735, 1429, 849, 1512]",page_0012,CacThanhTruyen4
crops/page_0012/col04_char017.png,艽,U+827D,của,True,3,"[735, 1512, 849, 1595]",page_0012,CacThanhTruyen4
crops/page_0012/col04_char018.png,衛,U+885B,về,True,2,"[735, 1595, 849, 1677]",page_0012,CacThanhTruyen4
crops/page_0012/col04_char019.png,󱞿,U+F17BF,trời,True,3,"[735, 1677, 849, 1760]",page_0012,CacThanhTruyen4
crops/page_0012/col04_char020.png,承,U+627F,chẳng,True,3,"[735, 1760, 849, 1843]",page_0012,CacThanhTruyen4
crops/page_0012/col04_char021.png,伂,U+4F02,phải,True,2,"[735, 1843, 849, 1926]",page_0012,CacThanhTruyen4
crops/page_0012/col05_char000.png,如,U+5982,như,True,1,"[602, 26, 694, 105]",page_0012,CacThanhTruyen4
crops/page_0012/col05_char001.png,衛,U+885B,về,True,2,"[602, 105, 694, 184]",page_0012,CacThanhTruyen4
crops/page_0012/col05_char002.png,世,U+4E16,thế,True,1,"[602, 184, 694, 263]",page_0012,CacThanhTruyen4
crops/page_0012/col05_char003.png,間,U+9593,gian,True,1,"[602, 263, 694, 342]",page_0012,CacThanhTruyen4
crops/page_0012/col05_char004.png,麻,U+9EBB,mà,True,1,"[602, 342, 694, 421]",page_0012,CacThanhTruyen4
crops/page_0012/col05_char005.png,瘼,U+763C,con,True,3,"[602, 421, 694, 500]",page_0012,CacThanhTruyen4
crops/page_0012/col05_char006.png,㑏,U+344F,giữ,True,3,"[602, 500, 694, 579]",page_0012,CacThanhTruyen4
crops/page_0012/col05_char007.png,𣵀,U+23D40,nết,True,1,"[602, 579, 694, 658]",page_0012,CacThanhTruyen4
crops/page_0012/col05_char008.png,凜,U+51DC,lắm,True,1,"[602, 658, 694, 737]",page_0012,CacThanhTruyen4
crops/page_0012/col05_char009.png,朱,U+6731,cho,True,1,"[602, 737, 694, 816]",page_0012,CacThanhTruyen4
crops/page_0012/col05_char010.png,年,U+5E74,nên,True,1,"[602, 816, 694, 895]",page_0012,CacThanhTruyen4
crops/page_0012/col05_char011.png,𬏝,U+2C3DD,ngày,True,3,"[602, 895, 694, 975]",page_0012,CacThanhTruyen4
crops/page_0012/col05_char012.png,𢖖,U+22596,sau,True,3,"[602, 975, 694, 1054]",page_0012,CacThanhTruyen4
crops/page_0012/col05_char013.png,特,U+7279,được,True,1,"[602, 1054, 694, 1133]",page_0012,CacThanhTruyen4
crops/page_0012/col05_char014.png,𣩂,U+23A42,làm,True,3,"[602, 1133, 694, 1212]",page_0012,CacThanhTruyen4
crops/page_0012/col05_char015.png,曰,U+66F0,viết,True,1,"[602, 1212, 694, 1291]",page_0012,CacThanhTruyen4
crops/page_0012/col05_char016.png,䧹,U+49F9,vồ,True,3,"[602, 1291, 694, 1370]",page_0012,CacThanhTruyen4
crops/page_0012/col05_char017.png,城,U+57CE,thành,True,1,"[602, 1370, 694, 1449]",page_0012,CacThanhTruyen4
crops/page_0012/col05_char018.png,囉,U+56C9,ra,True,3,"[602, 1449, 694, 1528]",page_0012,CacThanhTruyen4
crops/page_0012/col05_char019.png,驽,U+9A7D,nô,True,3,"[602, 1528, 694, 1607]",page_0012,CacThanhTruyen4
crops/page_0012/col05_char020.png,寂,U+5BC2,bi,True,3,"[602, 1607, 694, 1686]",page_0012,CacThanhTruyen4
crops/page_0012/col05_char022.png,歔,U+6B54,khi,True,3,"[602, 1765, 694, 1844]",page_0012,CacThanhTruyen4
crops/page_0012/col05_char023.png,畧,U+7567,trước,True,1,"[602, 1844, 694, 1924]",page_0012,CacThanhTruyen4
crops/page_0012/col06_char000.png,㝵,U+3775,người,True,1,"[464, 21, 562, 103]",page_0012,CacThanhTruyen4
crops/page_0012/col06_char001.png,庄,U+5E84,chẳng,True,1,"[464, 103, 562, 186]",page_0012,CacThanhTruyen4
crops/page_0012/col06_char002.png,召,U+53EC,chịu,True,1,"[464, 186, 562, 269]",page_0012,CacThanhTruyen4
crops/page_0012/col06_char003.png,聀,U+8040,chức,True,1,"[464, 269, 562, 351]",page_0012,CacThanhTruyen4
crops/page_0012/col06_char004.png,意,U+610F,ấy,True,1,"[464, 351, 562, 434]",page_0012,CacThanhTruyen4
crops/page_0012/col06_char005.png,傌,U+508C,mà,True,3,"[464, 434, 562, 517]",page_0012,CacThanhTruyen4
crops/page_0012/col06_char006.png,徳,U+5FB3,đức,True,1,"[464, 517, 562, 600]",page_0012,CacThanhTruyen4
crops/page_0012/col06_char007.png,毀,U+6BC0,thánh,True,3,"[464, 600, 562, 682]",page_0012,CacThanhTruyen4
crops/page_0012/col06_char008.png,頗,U+9817,Pha,True,3,"[464, 682, 562, 765]",page_0012,CacThanhTruyen4
crops/page_0012/col06_char009.png,匀,U+5300,pha,True,3,"[464, 765, 562, 848]",page_0012,CacThanhTruyen4
crops/page_0012/col06_char010.png,羅,U+7F85,là,True,1,"[464, 848, 562, 931]",page_0012,CacThanhTruyen4
crops/page_0012/col06_char011.png,𥡞,U+2585E,Ghê,True,3,"[464, 931, 562, 1013]",page_0012,CacThanhTruyen4
crops/page_0012/col06_char012.png,嚟,U+569F,rê,True,3,"[464, 1013, 562, 1096]",page_0012,CacThanhTruyen4
crops/page_0012/col06_char013.png,娉,U+5A09,gô,True,3,"[464, 1096, 562, 1179]",page_0012,CacThanhTruyen4
crops/page_0012/col06_char014.png,鴺,U+9D3A,ri,True,3,"[464, 1179, 562, 1262]",page_0012,CacThanhTruyen4
crops/page_0012/col06_char015.png,於,U+65BC,ô,True,3,"[464, 1262, 562, 1344]",page_0012,CacThanhTruyen4
crops/page_0012/col06_char016.png,次,U+6B21,thứ,True,1,"[464, 1344, 562, 1427]",page_0012,CacThanhTruyen4
crops/page_0012/col06_char017.png,罢,U+7F62,bảy,True,1,"[464, 1427, 562, 1510]",page_0012,CacThanhTruyen4
crops/page_0012/col06_char018.png,押,U+62BC,ép,True,1,"[464, 1510, 562, 1593]",page_0012,CacThanhTruyen4
crops/page_0012/col06_char019.png,㝵,U+3775,người,True,1,"[464, 1593, 562, 1675]",page_0012,CacThanhTruyen4
crops/page_0012/col06_char020.png,𠹾,U+20E7E,chịu,True,3,"[464, 1675, 562, 1758]",page_0012,CacThanhTruyen4
crops/page_0012/col06_char021.png,庄,U+5E84,chẳng,True,1,"[464, 1758, 562, 1841]",page_0012,CacThanhTruyen4
crops/page_0012/col06_char022.png,塊,U+584A,khỏi,True,1,"[464, 1841, 562, 1924]",page_0012,CacThanhTruyen4
crops/page_0012/col07_char000.png,咍,U+548D,hai,True,2,"[332, 25, 419, 107]",page_0012,CacThanhTruyen4
crops/page_0012/col07_char001.png,南,U+5357,năm,True,1,"[332, 107, 419, 189]",page_0012,CacThanhTruyen4
crops/page_0012/col07_char002.png,𠊚,U+2029A,người,True,3,"[332, 189, 419, 271]",page_0012,CacThanhTruyen4
crops/page_0012/col07_char003.png,穽,U+7A7D,toan,True,3,"[332, 271, 419, 354]",page_0012,CacThanhTruyen4
crops/page_0012/col07_char004.png,辞,U+8F9E,từ,True,1,"[332, 354, 419, 436]",page_0012,CacThanhTruyen4
crops/page_0012/col07_char005.png,聀,U+8040,chức,True,1,"[332, 436, 419, 518]",page_0012,CacThanhTruyen4
crops/page_0012/col07_char006.png,意,U+610F,ấy,True,1,"[332, 518, 419, 601]",page_0012,CacThanhTruyen4
crops/page_0012/col07_char007.png,饒,U+9952,nhiều,True,1,"[332, 601, 419, 683]",page_0012,CacThanhTruyen4
crops/page_0012/col07_char008.png,吝,U+541D,lần,True,1,"[332, 683, 419, 765]",page_0012,CacThanhTruyen4
crops/page_0012/col07_char009.png,窓,U+7A93,Song,True,3,"[332, 765, 419, 848]",page_0012,CacThanhTruyen4
crops/page_0012/col07_char010.png,藜,U+85DC,le,True,3,"[332, 848, 419, 930]",page_0012,CacThanhTruyen4
crops/page_0012/col07_char011.png,各,U+5404,các,True,1,"[332, 930, 419, 1012]",page_0012,CacThanhTruyen4
crops/page_0012/col07_char012.png,㩫,U+3A6B,Pha,True,3,"[332, 1012, 419, 1094]",page_0012,CacThanhTruyen4
crops/page_0012/col07_char013.png,𤇨,U+241E8,pha,True,3,"[332, 1094, 419, 1177]",page_0012,CacThanhTruyen4
crops/page_0012/col07_char014.png,秀,U+79C0,sau,True,3,"[332, 1177, 419, 1259]",page_0012,CacThanhTruyen4
crops/page_0012/col07_char015.png,庄,U+5E84,chẳng,True,1,"[332, 1259, 419, 1341]",page_0012,CacThanhTruyen4
crops/page_0012/col07_char016.png,宜,U+5B9C,nghe,True,2,"[332, 1341, 419, 1424]",page_0012,CacThanhTruyen4
crops/page_0012/col07_char017.png,沒,U+6C92,một,True,1,"[332, 1424, 419, 1506]",page_0012,CacThanhTruyen4
crops/page_0012/col07_char018.png,勧,U+52E7,khuyên,True,1,"[332, 1506, 419, 1588]",page_0012,CacThanhTruyen4
crops/page_0012/col07_char019.png,召,U+53EC,chịu,True,1,"[332, 1588, 419, 1671]",page_0012,CacThanhTruyen4
crops/page_0012/col07_char020.png,丕,U+4E15,vậy,True,1,"[332, 1671, 419, 1753]",page_0012,CacThanhTruyen4
crops/page_0012/col07_char021.png,頗,U+9817,và,True,3,"[332, 1753, 419, 1835]",page_0012,CacThanhTruyen4
crops/page_0012/col07_char022.png,㛪,U+36EA,gánh,True,3,"[332, 1835, 419, 1918]",page_0012,CacThanhTruyen4
crops/page_0012/col08_char000.png,𫔳,U+2B533,của,True,3,"[187, 28, 269, 112]",page_0012,CacThanhTruyen4
crops/page_0012/col08_char001.png,𥘀,U+25600,nặng,True,3,"[187, 112, 269, 197]",page_0012,CacThanhTruyen4
crops/page_0012/col08_char002.png,意,U+610F,ấy,True,1,"[187, 197, 269, 282]",page_0012,CacThanhTruyen4
crops/page_0012/col08_char003.png,𦵘,U+26D58,là,True,3,"[187, 282, 269, 367]",page_0012,CacThanhTruyen4
crops/page_0012/col08_char004.png,袂,U+8882,xem,True,3,"[187, 367, 269, 452]",page_0012,CacThanhTruyen4
crops/page_0012/col08_char005.png,朔,U+6714,sóc,True,1,"[187, 452, 269, 537]",page_0012,CacThanhTruyen4
crops/page_0012/col08_char006.png,各,U+5404,các,True,1,"[187, 537, 269, 622]",page_0012,CacThanhTruyen4
crops/page_0012/col08_char007.png,灵,U+7075,linh,True,1,"[187, 622, 269, 707]",page_0012,CacThanhTruyen4
crops/page_0012/col08_char008.png,𭡏,U+2D84F,hồn,True,3,"[187, 707, 269, 792]",page_0012,CacThanhTruyen4
crops/page_0012/col08_char009.png,昆,U+6606,con,True,1,"[187, 792, 269, 877]",page_0012,CacThanhTruyen4
crops/page_0012/col08_char010.png,徳,U+5FB3,Đức,True,1,"[187, 877, 269, 962]",page_0012,CacThanhTruyen4
crops/page_0012/col08_char011.png,主,U+4E3B,Chúa,True,1,"[187, 962, 269, 1046]",page_0012,CacThanhTruyen4
crops/page_0012/col08_char012.png,支,U+652F,Giê,True,1,"[187, 1046, 269, 1131]",page_0012,CacThanhTruyen4
crops/page_0012/col08_char013.png,秋,U+79CB,su,True,1,"[187, 1131, 269, 1216]",page_0012,CacThanhTruyen4
crops/page_0012/col08_char014.png,𫋶,U+2B2F6,xưa,True,3,"[187, 1216, 269, 1301]",page_0012,CacThanhTruyen4
crops/page_0012/col08_char015.png,礼,U+793C,lấy,True,1,"[187, 1301, 269, 1386]",page_0012,CacThanhTruyen4
crops/page_0012/col08_char016.png,泖,U+6CD6,máu,True,1,"[187, 1386, 269, 1471]",page_0012,CacThanhTruyen4
crops/page_0012/col08_char017.png,命,U+547D,mình,True,1,"[187, 1471, 269, 1556]",page_0012,CacThanhTruyen4
crops/page_0012/col08_char018.png,蔴,U+8534,mà,True,3,"[187, 1556, 269, 1641]",page_0012,CacThanhTruyen4
crops/page_0012/col08_char019.png,贖,U+8D16,chuộc,True,1,"[187, 1641, 269, 1726]",page_0012,CacThanhTruyen4
crops/page_0012/col08_char020.png,庄,U+5E84,Vậy,True,3,"[187, 1726, 269, 1811]",page_0012,CacThanhTruyen4
crops/page_0012/col08_char021.png,㝵,U+3775,người,True,1,"[187, 1811, 269, 1896]",page_0012,CacThanhTruyen4
crops/page_0012/col09_char000.png,右,U+53F3,phải,True,3,"[50, 107, 136, 193]",page_0012,CacThanhTruyen4
crops/page_0012/col09_char001.png,㦸,U+39B8,chịu,True,3,"[50, 193, 136, 279]",page_0012,CacThanhTruyen4
crops/page_0012/col09_char002.png,蔼,U+853C,chức,True,3,"[50, 279, 136, 365]",page_0012,CacThanhTruyen4
crops/page_0012/col09_char003.png,秩,U+79E9,ấy,True,3,"[50, 365, 136, 450]",page_0012,CacThanhTruyen4
crops/page_0012/col09_char004.png,菌,U+83CC,hơn,True,3,"[50, 450, 136, 536]",page_0012,CacThanhTruyen4
crops/page_0012/col09_char005.png,違,U+9055,năm,True,3,"[50, 536, 136, 622]",page_0012,CacThanhTruyen4
crops/page_0012/col09_char006.png,邁,U+9081,mươi,True,3,"[50, 622, 136, 708]",page_0012,CacThanhTruyen4
crops/page_0012/col09_char007.png,䄧,U+4127,năm,True,3,"[50, 708, 136, 793]",page_0012,CacThanhTruyen4
crops/page_0012/col09_char008.png,𤶐,U+24D90,nhưng,True,3,"[50, 793, 136, 879]",page_0012,CacThanhTruyen4
crops/page_0012/col09_char009.png,拷,U+62F7,mà,True,3,"[50, 879, 136, 965]",page_0012,CacThanhTruyen4
crops/page_0012/col09_char010.png,饒,U+9952,nhiều,True,1,"[50, 965, 136, 1051]",page_0012,CacThanhTruyen4
crops/page_0012/col09_char011.png,功,U+529F,công,True,1,"[50, 1051, 136, 1137]",page_0012,CacThanhTruyen4
crops/page_0012/col09_char012.png,凜,U+51DC,lắm,True,1,"[50, 1137, 136, 1222]",page_0012,CacThanhTruyen4
crops/page_0012/col09_char013.png,喡,U+55A1,và,True,2,"[50, 1222, 136, 1308]",page_0012,CacThanhTruyen4
crops/page_0012/col09_char014.png,朱,U+6731,cho,True,2,"[50, 1308, 136, 1394]",page_0012,CacThanhTruyen4
crops/page_0012/col09_char015.png,命,U+547D,mình,True,1,"[50, 1394, 136, 1480]",page_0012,CacThanhTruyen4
crops/page_0012/col09_char016.png,和,U+548C,và,True,3,"[50, 1480, 136, 1565]",page_0012,CacThanhTruyen4
crops/page_0012/col09_char017.png,朱,U+6731,cho,True,2,"[50, 1565, 136, 1651]",page_0012,CacThanhTruyen4
crops/page_0012/col09_char018.png,本,U+672C,bổn,True,1,"[50, 1651, 136, 1737]",page_0012,CacThanhTruyen4
crops/page_0012/col09_char019.png,道,U+9053,đạo,True,1,"[50, 1737, 136, 1823]",page_0012,CacThanhTruyen4
crops/page_0012/col09_char020.png,畧,U+7567,Trước,True,1,"[50, 1823, 136, 1908]",page_0012,CacThanhTruyen4
crops/page_0014/col01_char000.png,歇,U+6B47,hết,True,1,"[1202, 43, 1308, 127]",page_0014,CacThanhTruyen4
crops/page_0014/col01_char001.png,徳,U+5FB3,Đức,True,1,"[1202, 127, 1308, 212]",page_0014,CacThanhTruyen4
crops/page_0014/col01_char002.png,主,U+4E3B,Chúa,True,1,"[1202, 212, 1308, 297]",page_0014,CacThanhTruyen4
crops/page_0014/col01_char003.png,笯,U+7B2F,Trời,True,3,"[1202, 297, 1308, 381]",page_0014,CacThanhTruyen4
crops/page_0014/col01_char004.png,此,U+6B64,thử,True,1,"[1202, 381, 1308, 466]",page_0014,CacThanhTruyen4
crops/page_0014/col01_char005.png,㝵,U+3775,người,True,1,"[1202, 466, 1308, 551]",page_0014,CacThanhTruyen4
crops/page_0014/col01_char006.png,欣,U+6B23,hơn,True,1,"[1202, 551, 1308, 636]",page_0014,CacThanhTruyen4
crops/page_0014/col01_char007.png,𱑕,U+31455,mười,True,3,"[1202, 636, 1308, 720]",page_0014,CacThanhTruyen4
crops/page_0014/col01_char008.png,本,U+672C,bốn,True,1,"[1202, 720, 1308, 805]",page_0014,CacThanhTruyen4
crops/page_0014/col01_char009.png,厔,U+5394,năm,True,3,"[1202, 805, 1308, 890]",page_0014,CacThanhTruyen4
crops/page_0014/col01_char010.png,爲,U+7232,vì,True,1,"[1202, 890, 1308, 975]",page_0014,CacThanhTruyen4
crops/page_0014/col01_char011.png,底,U+5E95,để,True,1,"[1202, 975, 1308, 1059]",page_0014,CacThanhTruyen4
crops/page_0014/col01_char012.png,朱,U+6731,cho,True,1,"[1202, 1059, 1308, 1144]",page_0014,CacThanhTruyen4
crops/page_0014/col01_char013.png,嗎,U+55CE,ma,True,3,"[1202, 1144, 1308, 1229]",page_0014,CacThanhTruyen4
crops/page_0014/col01_char014.png,摁,U+6441,quỷ,True,3,"[1202, 1229, 1308, 1313]",page_0014,CacThanhTruyen4
crops/page_0014/col01_char015.png,感,U+611F,cám,True,1,"[1202, 1313, 1308, 1398]",page_0014,CacThanhTruyen4
crops/page_0014/col01_char016.png,杜,U+675C,dỗ,True,1,"[1202, 1398, 1308, 1483]",page_0014,CacThanhTruyen4
crops/page_0014/col01_char017.png,事,U+4E8B,sự,True,1,"[1202, 1483, 1308, 1568]",page_0014,CacThanhTruyen4
crops/page_0014/col01_char018.png,衛,U+885B,về,True,2,"[1202, 1568, 1308, 1652]",page_0014,CacThanhTruyen4
crops/page_0014/col01_char019.png,徳,U+5FB3,Đức,True,1,"[1202, 1652, 1308, 1737]",page_0014,CacThanhTruyen4
crops/page_0014/col01_char020.png,主,U+4E3B,Chúa,True,1,"[1202, 1737, 1308, 1822]",page_0014,CacThanhTruyen4
crops/page_0014/col01_char021.png,禰,U+79B0,Trời,True,3,"[1202, 1822, 1308, 1907]",page_0014,CacThanhTruyen4
crops/page_0014/col02_char000.png,為,U+70BA,Vì,True,1,"[1066, 52, 1152, 123]",page_0014,CacThanhTruyen4
crops/page_0014/col02_char001.png,徵,U+5FB5,chưng,True,1,"[1066, 123, 1152, 194]",page_0014,CacThanhTruyen4
crops/page_0014/col02_char002.png,体,U+4F53,thấy,True,1,"[1066, 194, 1152, 265]",page_0014,CacThanhTruyen4
crops/page_0014/col02_char003.png,几,U+51E0,kẻ,True,1,"[1066, 265, 1152, 336]",page_0014,CacThanhTruyen4
crops/page_0014/col02_char004.png,𤎍,U+2438D,có,True,3,"[1066, 336, 1152, 407]",page_0014,CacThanhTruyen4
crops/page_0014/col02_char005.png,楃,U+6943,tội,True,3,"[1066, 407, 1152, 478]",page_0014,CacThanhTruyen4
crops/page_0014/col02_char006.png,磊,U+78CA,lỗi,True,1,"[1066, 478, 1152, 550]",page_0014,CacThanhTruyen4
crops/page_0014/col02_char007.png,苓,U+82D3,lên,True,3,"[1066, 550, 1152, 621]",page_0014,CacThanhTruyen4
crops/page_0014/col02_char008.png,𫜵,U+2B735,làm,True,3,"[1066, 621, 1152, 692]",page_0014,CacThanhTruyen4
crops/page_0014/col02_char009.png,觔,U+89D4,vua,True,3,"[1066, 692, 1152, 763]",page_0014,CacThanhTruyen4
crops/page_0014/col02_char010.png,主,U+4E3B,chúa,True,1,"[1066, 763, 1152, 834]",page_0014,CacThanhTruyen4
crops/page_0014/col02_char011.png,抭,U+62AD,trị,True,3,"[1066, 834, 1152, 905]",page_0014,CacThanhTruyen4
crops/page_0014/col02_char012.png,天,U+5929,thiên,True,1,"[1066, 905, 1152, 977]",page_0014,CacThanhTruyen4
crops/page_0014/col02_char013.png,下,U+4E0B,hạ,True,1,"[1066, 977, 1152, 1048]",page_0014,CacThanhTruyen4
crops/page_0014/col02_char014.png,喡,U+55A1,và,True,2,"[1066, 1048, 1152, 1119]",page_0014,CacThanhTruyen4
crops/page_0014/col02_char015.png,𫜵,U+2B735,làm,True,3,"[1066, 1119, 1152, 1190]",page_0014,CacThanhTruyen4
crops/page_0014/col02_char016.png,困,U+56F0,khốn,True,1,"[1066, 1190, 1152, 1261]",page_0014,CacThanhTruyen4
crops/page_0014/col02_char017.png,朱,U+6731,cho,True,1,"[1066, 1261, 1152, 1332]",page_0014,CacThanhTruyen4
crops/page_0014/col02_char018.png,民,U+6C11,dân,True,1,"[1066, 1332, 1152, 1403]",page_0014,CacThanhTruyen4
crops/page_0014/col02_char019.png,吏,U+540F,lại,True,1,"[1066, 1403, 1152, 1475]",page_0014,CacThanhTruyen4
crops/page_0014/col02_char020.png,体,U+4F53,thấy,True,1,"[1066, 1475, 1152, 1546]",page_0014,CacThanhTruyen4
crops/page_0014/col02_char021.png,几,U+51E0,kẻ,True,1,"[1066, 1546, 1152, 1617]",page_0014,CacThanhTruyen4
crops/page_0014/col02_char022.png,残,U+6B8B,sạch,True,3,"[1066, 1617, 1152, 1688]",page_0014,CacThanhTruyen4
crops/page_0014/col02_char023.png,罪,U+7F6A,tội,True,1,"[1066, 1688, 1152, 1759]",page_0014,CacThanhTruyen4
crops/page_0014/col02_char024.png,擰,U+64F0,giữ,True,3,"[1066, 1759, 1152, 1830]",page_0014,CacThanhTruyen4
crops/page_0014/col02_char025.png,道,U+9053,đạo,True,1,"[1066, 1830, 1152, 1902]",page_0014,CacThanhTruyen4
crops/page_0014/col03_char000.png,年,U+5E74,nên,True,1,"[921, 40, 1010, 125]",page_0014,CacThanhTruyen4
crops/page_0014/col03_char001.png,蔴,U+8534,mà,True,3,"[921, 125, 1010, 210]",page_0014,CacThanhTruyen4
crops/page_0014/col03_char002.png,伂,U+4F02,phải,True,2,"[921, 210, 1010, 295]",page_0014,CacThanhTruyen4
crops/page_0014/col03_char003.png,稽,U+7A3D,ghe,True,1,"[921, 295, 1010, 380]",page_0014,CacThanhTruyen4
crops/page_0014/col03_char004.png,事,U+4E8B,sự,True,1,"[921, 380, 1010, 465]",page_0014,CacThanhTruyen4
crops/page_0014/col03_char005.png,庫,U+5EAB,khó,True,1,"[921, 465, 1010, 550]",page_0014,CacThanhTruyen4
crops/page_0014/col03_char006.png,寺,U+5BFA,thì,True,1,"[921, 550, 1010, 635]",page_0014,CacThanhTruyen4
crops/page_0014/col03_char007.png,翁,U+7FC1,ông,True,1,"[921, 635, 1010, 721]",page_0014,CacThanhTruyen4
crops/page_0014/col03_char008.png,𢝘,U+22758,Thánh,True,3,"[921, 721, 1010, 806]",page_0014,CacThanhTruyen4
crops/page_0014/col03_char009.png,意,U+610F,ấy,True,1,"[921, 806, 1010, 891]",page_0014,CacThanhTruyen4
crops/page_0014/col03_char010.png,盆,U+76C6,buồn,True,1,"[921, 891, 1010, 976]",page_0014,CacThanhTruyen4
crops/page_0014/col03_char011.png,𠾚,U+20F9A,bấy,True,3,"[921, 976, 1010, 1061]",page_0014,CacThanhTruyen4
crops/page_0014/col03_char012.png,饒,U+9952,nhiêu,True,1,"[921, 1061, 1010, 1146]",page_0014,CacThanhTruyen4
crops/page_0014/col03_char013.png,南,U+5357,năm,True,1,"[921, 1146, 1010, 1231]",page_0014,CacThanhTruyen4
crops/page_0014/col03_char014.png,仍,U+4ECD,nhưng,True,1,"[921, 1231, 1010, 1317]",page_0014,CacThanhTruyen4
crops/page_0014/col03_char015.png,麻,U+9EBB,mà,True,1,"[921, 1317, 1010, 1402]",page_0014,CacThanhTruyen4
crops/page_0014/col03_char016.png,庄,U+5E84,chẳng,True,1,"[921, 1402, 1010, 1487]",page_0014,CacThanhTruyen4
crops/page_0014/col03_char017.png,兮,U+516E,hề,True,1,"[921, 1487, 1010, 1572]",page_0014,CacThanhTruyen4
crops/page_0014/col03_char018.png,固,U+56FA,có,True,2,"[921, 1572, 1010, 1657]",page_0014,CacThanhTruyen4
crops/page_0014/col03_char019.png,宜,U+5B9C,nghe,True,1,"[921, 1657, 1010, 1742]",page_0014,CacThanhTruyen4
crops/page_0014/col03_char020.png,揭,U+63ED,quỷ,True,3,"[921, 1742, 1010, 1827]",page_0014,CacThanhTruyen4
crops/page_0014/col03_char021.png,慾,U+617E,giục,True,3,"[921, 1827, 1010, 1913]",page_0014,CacThanhTruyen4
crops/page_0014/col04_char000.png,渚,U+6E1A,chớ,True,1,"[771, 36, 872, 110]",page_0014,CacThanhTruyen4
crops/page_0014/col04_char001.png,信,U+4FE1,tin,True,1,"[771, 110, 872, 185]",page_0014,CacThanhTruyen4
crops/page_0014/col04_char002.png,德,U+5FB7,Đức,True,1,"[771, 185, 872, 259]",page_0014,CacThanhTruyen4
crops/page_0014/col04_char003.png,主,U+4E3B,Chúa,True,1,"[771, 259, 872, 334]",page_0014,CacThanhTruyen4
crops/page_0014/col04_char004.png,𫯝,U+2BBDD,Trời,True,3,"[771, 334, 872, 409]",page_0014,CacThanhTruyen4
crops/page_0014/col04_char005.png,公,U+516C,công,True,1,"[771, 409, 872, 483]",page_0014,CacThanhTruyen4
crops/page_0014/col04_char006.png,平,U+5E73,bằng,True,1,"[771, 483, 872, 558]",page_0014,CacThanhTruyen4
crops/page_0014/col04_char007.png,無,U+7121,vô,True,1,"[771, 558, 872, 633]",page_0014,CacThanhTruyen4
crops/page_0014/col04_char008.png,穷,U+7A77,cùng,True,1,"[771, 633, 872, 707]",page_0014,CacThanhTruyen4
crops/page_0014/col04_char009.png,𣲦,U+23CA6,lại,True,3,"[771, 707, 872, 782]",page_0014,CacThanhTruyen4
crops/page_0014/col04_char010.png,打,U+6253,đánh,True,1,"[771, 782, 872, 857]",page_0014,CacThanhTruyen4
crops/page_0014/col04_char011.png,把,U+628A,trả,True,1,"[771, 857, 872, 931]",page_0014,CacThanhTruyen4
crops/page_0014/col04_char012.png,奴,U+5974,nó,True,1,"[771, 931, 872, 1006]",page_0014,CacThanhTruyen4
crops/page_0014/col04_char013.png,褳,U+8933,liên,True,3,"[771, 1006, 872, 1080]",page_0014,CacThanhTruyen4
crops/page_0014/col04_char014.png,𢳀,U+22CC0,mà,True,3,"[771, 1080, 872, 1155]",page_0014,CacThanhTruyen4
crops/page_0014/col04_char015.png,年,U+5E74,nên,True,1,"[771, 1155, 872, 1230]",page_0014,CacThanhTruyen4
crops/page_0014/col04_char016.png,𢝘,U+22758,thánh,True,3,"[771, 1230, 872, 1304]",page_0014,CacThanhTruyen4
crops/page_0014/col04_char017.png,𠎬,U+203AC,cả,True,3,"[771, 1304, 872, 1379]",page_0014,CacThanhTruyen4
crops/page_0014/col04_char018.png,共,U+5171,Cùng,True,1,"[771, 1379, 872, 1454]",page_0014,CacThanhTruyen4
crops/page_0014/col04_char019.png,固,U+56FA,có,True,1,"[771, 1454, 872, 1528]",page_0014,CacThanhTruyen4
crops/page_0014/col04_char020.png,饒,U+9952,nhiều,True,1,"[771, 1528, 872, 1603]",page_0014,CacThanhTruyen4
crops/page_0014/col04_char021.png,南,U+5357,năm,True,1,"[771, 1603, 872, 1678]",page_0014,CacThanhTruyen4
crops/page_0014/col04_char022.png,𠯅,U+20BC5,dức,True,2,"[771, 1678, 872, 1752]",page_0014,CacThanhTruyen4
crops/page_0014/col04_char023.png,嫔,U+5AD4,đầu,True,3,"[771, 1752, 872, 1827]",page_0014,CacThanhTruyen4
crops/page_0014/col04_char024.png,办,U+529E,đau,True,3,"[771, 1827, 872, 1902]",page_0014,CacThanhTruyen4
crops/page_0014/col05_char000.png,某,U+67D0,mỏ,True,1,"[627, 28, 713, 109]",page_0014,CacThanhTruyen4
crops/page_0014/col05_char001.png,悪,U+60AA,ác,True,1,"[627, 109, 713, 191]",page_0014,CacThanhTruyen4
crops/page_0014/col05_char002.png,庄,U+5E84,chẳng,True,1,"[627, 191, 713, 273]",page_0014,CacThanhTruyen4
crops/page_0014/col05_char003.png,玄,U+7384,an,True,3,"[627, 273, 713, 355]",page_0014,CacThanhTruyen4
crops/page_0014/col05_char004.png,命,U+547D,mình,True,1,"[627, 355, 713, 436]",page_0014,CacThanhTruyen4
crops/page_0014/col05_char005.png,德,U+5FB7,Đức,True,1,"[627, 436, 713, 518]",page_0014,CacThanhTruyen4
crops/page_0014/col05_char006.png,主,U+4E3B,Chúa,True,1,"[627, 518, 713, 600]",page_0014,CacThanhTruyen4
crops/page_0014/col05_char007.png,禰,U+79B0,Trời,True,3,"[627, 600, 713, 682]",page_0014,CacThanhTruyen4
crops/page_0014/col05_char008.png,鼠,U+9F20,thử,True,3,"[627, 682, 713, 764]",page_0014,CacThanhTruyen4
crops/page_0014/col05_char009.png,弄,U+5F04,lòng,True,1,"[627, 764, 713, 845]",page_0014,CacThanhTruyen4
crops/page_0014/col05_char010.png,昆,U+6606,người,True,2,"[627, 845, 713, 927]",page_0014,CacThanhTruyen4
crops/page_0014/col05_char011.png,伏,U+4F0F,làm,True,3,"[627, 927, 713, 1009]",page_0014,CacThanhTruyen4
crops/page_0014/col05_char012.png,丕,U+4E15,vậy,True,1,"[627, 1009, 713, 1091]",page_0014,CacThanhTruyen4
crops/page_0014/col05_char013.png,拷,U+62F7,cho,True,3,"[627, 1091, 713, 1172]",page_0014,CacThanhTruyen4
crops/page_0014/col05_char014.png,䗂,U+45C2,được,True,3,"[627, 1172, 713, 1254]",page_0014,CacThanhTruyen4
crops/page_0014/col05_char015.png,傷,U+50B7,thương,True,1,"[627, 1254, 713, 1336]",page_0014,CacThanhTruyen4
crops/page_0014/col05_char016.png,几,U+51E0,kẻ,True,1,"[627, 1336, 713, 1418]",page_0014,CacThanhTruyen4
crops/page_0014/col05_char017.png,絛,U+7D5B,khác,True,3,"[627, 1418, 713, 1500]",page_0014,CacThanhTruyen4
crops/page_0014/col05_char018.png,要,U+8981,yếu,True,1,"[627, 1500, 713, 1581]",page_0014,CacThanhTruyen4
crops/page_0014/col05_char019.png,対,U+5BFE,đuối,True,1,"[627, 1581, 713, 1663]",page_0014,CacThanhTruyen4
crops/page_0014/col05_char020.png,女,U+5973,nữa,True,1,"[627, 1663, 713, 1745]",page_0014,CacThanhTruyen4
crops/page_0014/col05_char021.png,丕,U+4E15,Vậy,True,3,"[627, 1745, 713, 1827]",page_0014,CacThanhTruyen4
crops/page_0014/col05_char022.png,倭,U+502D,xem,True,3,"[627, 1827, 713, 1909]",page_0014,CacThanhTruyen4
crops/page_0014/col06_char000.png,𢮀,U+22B80,sóc,True,3,"[473, 31, 579, 119]",page_0014,CacThanhTruyen4
crops/page_0014/col06_char001.png,各,U+5404,các,True,1,"[473, 119, 579, 207]",page_0014,CacThanhTruyen4
crops/page_0014/col06_char002.png,本,U+672C,bổn,True,1,"[473, 207, 579, 295]",page_0014,CacThanhTruyen4
crops/page_0014/col06_char003.png,道,U+9053,đạo,True,1,"[473, 295, 579, 383]",page_0014,CacThanhTruyen4
crops/page_0014/col06_char004.png,儘,U+5118,hết,True,3,"[473, 383, 579, 471]",page_0014,CacThanhTruyen4
crops/page_0014/col06_char005.png,弄,U+5F04,lòng,True,1,"[473, 471, 579, 560]",page_0014,CacThanhTruyen4
crops/page_0014/col06_char006.png,紩,U+7D29,hết,True,3,"[473, 560, 579, 648]",page_0014,CacThanhTruyen4
crops/page_0014/col06_char007.png,飭,U+98ED,sức,True,1,"[473, 648, 579, 736]",page_0014,CacThanhTruyen4
crops/page_0014/col06_char008.png,欺,U+6B3A,Khi,True,1,"[473, 736, 579, 824]",page_0014,CacThanhTruyen4
crops/page_0014/col06_char009.png,勜,U+52DC,người,True,3,"[473, 824, 579, 912]",page_0014,CacThanhTruyen4
crops/page_0014/col06_char010.png,些,U+4E9B,ta,True,1,"[473, 912, 579, 1001]",page_0014,CacThanhTruyen4
crops/page_0014/col06_char011.png,称,U+79F0,xưng,True,3,"[473, 1001, 579, 1089]",page_0014,CacThanhTruyen4
crops/page_0014/col06_char012.png,罪,U+7F6A,tội,True,1,"[473, 1089, 579, 1177]",page_0014,CacThanhTruyen4
crops/page_0014/col06_char013.png,時,U+6642,thì,True,1,"[473, 1177, 579, 1265]",page_0014,CacThanhTruyen4
crops/page_0014/col06_char014.png,仍,U+4ECD,những,True,1,"[473, 1265, 579, 1353]",page_0014,CacThanhTruyen4
crops/page_0014/col06_char015.png,於,U+65BC,nước,True,3,"[473, 1353, 579, 1442]",page_0014,CacThanhTruyen4
crops/page_0014/col06_char016.png,末,U+672B,mắt,True,1,"[473, 1442, 579, 1530]",page_0014,CacThanhTruyen4
crops/page_0014/col06_char017.png,𥘑,U+25611,chảy,True,3,"[473, 1530, 579, 1618]",page_0014,CacThanhTruyen4
crops/page_0014/col06_char018.png,威,U+5A01,ra,True,3,"[473, 1618, 579, 1706]",page_0014,CacThanhTruyen4
crops/page_0014/col06_char019.png,為,U+70BA,vì,True,1,"[473, 1706, 579, 1794]",page_0014,CacThanhTruyen4
crops/page_0014/col06_char020.png,傷,U+50B7,thương,True,1,"[473, 1794, 579, 1883]",page_0014,CacThanhTruyen4
crops/page_0014/col07_char000.png,几,U+51E0,kẻ,True,1,"[331, 34, 427, 115]",page_0014,CacThanhTruyen4
crops/page_0014/col07_char001.png,𥯨,U+25BE8,quỷ,True,3,"[331, 115, 427, 197]",page_0014,CacThanhTruyen4
crops/page_0014/col07_char002.png,感,U+611F,cám,True,1,"[331, 197, 427, 278]",page_0014,CacThanhTruyen4
crops/page_0014/col07_char003.png,杜,U+675C,dỗ,True,1,"[331, 278, 427, 360]",page_0014,CacThanhTruyen4
crops/page_0014/col07_char004.png,𫜵,U+2B735,làm,True,3,"[331, 360, 427, 441]",page_0014,CacThanhTruyen4
crops/page_0014/col07_char005.png,事,U+4E8B,sự,True,1,"[331, 441, 427, 523]",page_0014,CacThanhTruyen4
crops/page_0014/col07_char006.png,磊,U+78CA,lỗi,True,1,"[331, 523, 427, 604]",page_0014,CacThanhTruyen4
crops/page_0014/col07_char007.png,意,U+610F,ấy,True,1,"[331, 604, 427, 686]",page_0014,CacThanhTruyen4
crops/page_0014/col07_char008.png,麻,U+9EBB,mà,True,1,"[331, 686, 427, 767]",page_0014,CacThanhTruyen4
crops/page_0014/col07_char009.png,末,U+672B,mất,True,1,"[331, 767, 427, 849]",page_0014,CacThanhTruyen4
crops/page_0014/col07_char010.png,噤,U+5664,ga,True,3,"[331, 849, 427, 930]",page_0014,CacThanhTruyen4
crops/page_0014/col07_char011.png,㨳,U+3A33,ra,True,3,"[331, 930, 427, 1012]",page_0014,CacThanhTruyen4
crops/page_0014/col07_char012.png,挲,U+6332,sa,True,3,"[331, 1012, 427, 1093]",page_0014,CacThanhTruyen4
crops/page_0014/col07_char013.png,共,U+5171,cùng,True,1,"[331, 1093, 427, 1175]",page_0014,CacThanhTruyen4
crops/page_0014/col07_char014.png,功,U+529F,công,True,1,"[331, 1175, 427, 1256]",page_0014,CacThanhTruyen4
crops/page_0014/col07_char015.png,娴,U+5A34,Máu,True,3,"[331, 1256, 427, 1338]",page_0014,CacThanhTruyen4
crops/page_0014/col07_char016.png,喒,U+5592,Thánh,True,3,"[331, 1338, 427, 1419]",page_0014,CacThanhTruyen4
crops/page_0014/col07_char017.png,徳,U+5FB3,Đức,True,1,"[331, 1419, 427, 1501]",page_0014,CacThanhTruyen4
crops/page_0014/col07_char018.png,主,U+4E3B,Chúa,True,1,"[331, 1501, 427, 1582]",page_0014,CacThanhTruyen4
crops/page_0014/col07_char019.png,支,U+652F,Giê,True,1,"[331, 1582, 427, 1664]",page_0014,CacThanhTruyen4
crops/page_0014/col07_char020.png,秋,U+79CB,su,True,1,"[331, 1664, 427, 1745]",page_0014,CacThanhTruyen4
crops/page_0014/col07_char021.png,欺,U+6B3A,Khi,True,1,"[331, 1745, 427, 1827]",page_0014,CacThanhTruyen4
crops/page_0014/col07_char022.png,𠊚,U+2029A,người,True,3,"[331, 1827, 427, 1909]",page_0014,CacThanhTruyen4
crops/page_0014/col08_char000.png,虅,U+8645,tội,True,3,"[184, 27, 280, 108]",page_0014,CacThanhTruyen4
crops/page_0014/col08_char001.png,埃,U+57C3,cho,True,3,"[184, 108, 280, 189]",page_0014,CacThanhTruyen4
crops/page_0014/col08_char002.png,壜,U+58DC,đàn,True,3,"[184, 189, 280, 271]",page_0014,CacThanhTruyen4
crops/page_0014/col08_char003.png,繁,U+7E41,bà,True,3,"[184, 271, 280, 352]",page_0014,CacThanhTruyen4
crops/page_0014/col08_char004.png,塒,U+5852,thì,True,3,"[184, 352, 280, 434]",page_0014,CacThanhTruyen4
crops/page_0014/col08_char005.png,庄,U+5E84,chẳng,True,2,"[184, 434, 280, 515]",page_0014,CacThanhTruyen4
crops/page_0014/col08_char006.png,固,U+56FA,có,True,1,"[184, 515, 280, 597]",page_0014,CacThanhTruyen4
crops/page_0014/col08_char007.png,𠶈,U+20D88,xem,True,3,"[184, 597, 280, 678]",page_0014,CacThanhTruyen4
crops/page_0014/col08_char008.png,末,U+672B,mặt,True,1,"[184, 678, 280, 760]",page_0014,CacThanhTruyen4
crops/page_0014/col08_char009.png,唉,U+5509,ai,True,2,"[184, 760, 280, 841]",page_0014,CacThanhTruyen4
crops/page_0014/col08_char010.png,朱,U+6731,cho,True,1,"[184, 841, 280, 923]",page_0014,CacThanhTruyen4
crops/page_0014/col08_char011.png,年,U+5E74,nên,True,1,"[184, 923, 280, 1004]",page_0014,CacThanhTruyen4
crops/page_0014/col08_char012.png,中,U+4E2D,trong,True,1,"[184, 1004, 280, 1086]",page_0014,CacThanhTruyen4
crops/page_0014/col08_char013.png,南,U+5357,năm,True,1,"[184, 1086, 280, 1167]",page_0014,CacThanhTruyen4
crops/page_0014/col08_char014.png,蹷,U+8E77,mươi,True,3,"[184, 1167, 280, 1249]",page_0014,CacThanhTruyen4
crops/page_0014/col08_char015.png,南,U+5357,năm,True,1,"[184, 1249, 280, 1330]",page_0014,CacThanhTruyen4
crops/page_0014/col08_char016.png,勜,U+52DC,người,True,3,"[184, 1330, 280, 1412]",page_0014,CacThanhTruyen4
crops/page_0014/col08_char017.png,庄,U+5E84,chẳng,True,1,"[184, 1412, 280, 1493]",page_0014,CacThanhTruyen4
crops/page_0014/col08_char018.png,别,U+522B,biết,True,1,"[184, 1493, 280, 1575]",page_0014,CacThanhTruyen4
crops/page_0014/col08_char019.png,棒,U+68D2,đàn,True,3,"[184, 1575, 280, 1656]",page_0014,CacThanhTruyen4
crops/page_0014/col08_char020.png,欛,U+6B1B,bà,True,3,"[184, 1656, 280, 1738]",page_0014,CacThanhTruyen4
crops/page_0014/col08_char021.png,唏,U+550F,nào,True,3,"[184, 1738, 280, 1819]",page_0014,CacThanhTruyen4
crops/page_0014/col08_char022.png,吏,U+540F,lại,True,1,"[184, 1819, 280, 1901]",page_0014,CacThanhTruyen4
crops/page_0014/col09_char000.png,能,U+80FD,năng,True,1,"[20, 18, 136, 111]",page_0014,CacThanhTruyen4
crops/page_0014/col09_char001.png,𠞠,U+207A0,rằng,True,3,"[20, 111, 136, 204]",page_0014,CacThanhTruyen4
crops/page_0014/col09_char002.png,哀,U+54C0,Ai,True,3,"[20, 204, 136, 297]",page_0014,CacThanhTruyen4
crops/page_0014/col09_char003.png,庄,U+5E84,chẳng,True,1,"[20, 297, 136, 391]",page_0014,CacThanhTruyen4
crops/page_0014/col09_char004.png,抒,U+6292,giữ,True,2,"[20, 391, 136, 484]",page_0014,CacThanhTruyen4
crops/page_0014/col09_char005.png,昆,U+6606,con,True,1,"[20, 484, 136, 577]",page_0014,CacThanhTruyen4
crops/page_0014/col09_char006.png,末,U+672B,mắt,True,1,"[20, 577, 136, 670]",page_0014,CacThanhTruyen4
crops/page_0014/col09_char007.png,麻,U+9EBB,mà,True,1,"[20, 670, 136, 764]",page_0014,CacThanhTruyen4
crops/page_0014/col09_char008.png,悶,U+60B6,muốn,True,1,"[20, 764, 136, 857]",page_0014,CacThanhTruyen4
crops/page_0014/col09_char009.png,塊,U+584A,khỏi,True,1,"[20, 857, 136, 950]",page_0014,CacThanhTruyen4
crops/page_0014/col09_char010.png,𣜳,U+23733,chước,True,3,"[20, 950, 136, 1043]",page_0014,CacThanhTruyen4
crops/page_0014/col09_char011.png,𥯨,U+25BE8,quỷ,True,3,"[20, 1043, 136, 1137]",page_0014,CacThanhTruyen4
crops/page_0014/col09_char012.png,時,U+6642,thì,True,1,"[20, 1137, 136, 1230]",page_0014,CacThanhTruyen4
crops/page_0014/col09_char013.png,𥯨,U+25BE8,khỏi,True,3,"[20, 1230, 136, 1323]",page_0014,CacThanhTruyen4
crops/page_0014/col09_char014.png,羅,U+7F85,là,True,1,"[20, 1323, 136, 1416]",page_0014,CacThanhTruyen4
crops/page_0014/col09_char015.png,禍,U+798D,họa,True,1,"[20, 1416, 136, 1510]",page_0014,CacThanhTruyen4
crops/page_0014/col09_char016.png,欺,U+6B3A,Khi,True,1,"[20, 1510, 136, 1603]",page_0014,CacThanhTruyen4
crops/page_0014/col09_char017.png,㝵,U+3775,người,True,1,"[20, 1603, 136, 1696]",page_0014,CacThanhTruyen4
crops/page_0014/col09_char018.png,群,U+7FA4,còn,True,1,"[20, 1696, 136, 1789]",page_0014,CacThanhTruyen4
crops/page_0014/col09_char019.png,藍,U+85CD,làm,True,3,"[20, 1789, 136, 1883]",page_0014,CacThanhTruyen4
crops/page_0016/col01_char000.png,曰,U+66F0,viết,True,1,"[1140, 50, 1243, 131]",page_0016,CacThanhTruyen4
crops/page_0016/col01_char001.png,模,U+6A21,vồ,True,3,"[1140, 131, 1243, 213]",page_0016,CacThanhTruyen4
crops/page_0016/col01_char002.png,徳,U+5FB3,Đức,True,1,"[1140, 213, 1243, 295]",page_0016,CacThanhTruyen4
crops/page_0016/col01_char003.png,主,U+4E3B,Chúa,True,1,"[1140, 295, 1243, 377]",page_0016,CacThanhTruyen4
crops/page_0016/col01_char004.png,𫶸,U+2BDB8,Trời,True,3,"[1140, 377, 1243, 459]",page_0016,CacThanhTruyen4
crops/page_0016/col01_char005.png,美,U+7F8E,mở,True,2,"[1140, 459, 1243, 541]",page_0016,CacThanhTruyen4
crops/page_0016/col01_char006.png,弄,U+5F04,lòng,True,1,"[1140, 541, 1243, 623]",page_0016,CacThanhTruyen4
crops/page_0016/col01_char007.png,翁,U+7FC1,ông,True,1,"[1140, 623, 1243, 705]",page_0016,CacThanhTruyen4
crops/page_0016/col01_char008.png,𩄎,U+2910E,Thánh,True,3,"[1140, 705, 1243, 787]",page_0016,CacThanhTruyen4
crops/page_0016/col01_char009.png,吁,U+5401,Vu,True,2,"[1140, 787, 1243, 869]",page_0016,CacThanhTruyen4
crops/page_0016/col01_char010.png,油,U+6CB9,du,True,1,"[1140, 869, 1243, 951]",page_0016,CacThanhTruyen4
crops/page_0016/col01_char011.png,奴,U+5974,nô,True,1,"[1140, 951, 1243, 1033]",page_0016,CacThanhTruyen4
crops/page_0016/col01_char012.png,立,U+7ACB,lập,True,1,"[1140, 1033, 1243, 1115]",page_0016,CacThanhTruyen4
crops/page_0016/col01_char013.png,𣳔,U+23CD4,dòng,True,2,"[1140, 1115, 1243, 1197]",page_0016,CacThanhTruyen4
crops/page_0016/col01_char014.png,柴,U+67F4,thầy,True,1,"[1140, 1197, 1243, 1279]",page_0016,CacThanhTruyen4
crops/page_0016/col01_char015.png,修,U+4FEE,tu,True,1,"[1140, 1279, 1243, 1361]",page_0016,CacThanhTruyen4
crops/page_0016/col01_char016.png,行,U+884C,hành,True,1,"[1140, 1361, 1243, 1443]",page_0016,CacThanhTruyen4
crops/page_0016/col01_char017.png,佇,U+4F47,giữ,True,1,"[1140, 1443, 1243, 1525]",page_0016,CacThanhTruyen4
crops/page_0016/col01_char018.png,仍,U+4ECD,những,True,1,"[1140, 1525, 1243, 1607]",page_0016,CacThanhTruyen4
crops/page_0016/col01_char019.png,法,U+6CD5,phép,True,1,"[1140, 1607, 1243, 1689]",page_0016,CacThanhTruyen4
crops/page_0016/col01_char020.png,冉,U+5189,nhiệm,True,1,"[1140, 1689, 1243, 1771]",page_0016,CacThanhTruyen4
crops/page_0016/col01_char021.png,廪,U+5EEA,lắm,True,1,"[1140, 1771, 1243, 1853]",page_0016,CacThanhTruyen4
crops/page_0016/col01_char022.png,罢,U+7F62,bởi,True,1,"[1140, 1853, 1243, 1935]",page_0016,CacThanhTruyen4
crops/page_0016/col02_char000.png,㝵,U+3775,người,True,1,"[1004, 34, 1099, 119]",page_0016,CacThanhTruyen4
crops/page_0016/col02_char001.png,体,U+4F53,thấy,True,1,"[1004, 119, 1099, 205]",page_0016,CacThanhTruyen4
crops/page_0016/col02_char002.png,進,U+9032,tiến,True,1,"[1004, 205, 1099, 290]",page_0016,CacThanhTruyen4
crops/page_0016/col02_char003.png,士,U+58EB,sĩ,True,1,"[1004, 290, 1099, 376]",page_0016,CacThanhTruyen4
crops/page_0016/col02_char004.png,其,U+5176,kia,True,2,"[1004, 376, 1099, 461]",page_0016,CacThanhTruyen4
crops/page_0016/col02_char005.png,𫋶,U+2B2F6,xưa,True,3,"[1004, 461, 1099, 547]",page_0016,CacThanhTruyen4
crops/page_0016/col02_char006.png,固,U+56FA,có,True,1,"[1004, 547, 1099, 632]",page_0016,CacThanhTruyen4
crops/page_0016/col02_char007.png,省,U+7701,tiếng,True,1,"[1004, 632, 1099, 718]",page_0016,CacThanhTruyen4
crops/page_0016/col02_char008.png,𬙼,U+2C67C,tốt,True,3,"[1004, 718, 1099, 803]",page_0016,CacThanhTruyen4
crops/page_0016/col02_char009.png,麻,U+9EBB,mà,True,1,"[1004, 803, 1099, 889]",page_0016,CacThanhTruyen4
crops/page_0016/col02_char010.png,欺,U+6B3A,khi,True,1,"[1004, 889, 1099, 975]",page_0016,CacThanhTruyen4
crops/page_0016/col02_char011.png,折,U+6298,chết,True,1,"[1004, 975, 1099, 1060]",page_0016,CacThanhTruyen4
crops/page_0016/col02_char012.png,𣓿,U+234FF,sống,True,3,"[1004, 1060, 1099, 1146]",page_0016,CacThanhTruyen4
crops/page_0016/col02_char013.png,吏,U+540F,lại,True,1,"[1004, 1146, 1099, 1231]",page_0016,CacThanhTruyen4
crops/page_0016/col02_char014.png,巴,U+5DF4,ba,True,1,"[1004, 1231, 1099, 1317]",page_0016,CacThanhTruyen4
crops/page_0016/col02_char015.png,吝,U+541D,lần,True,1,"[1004, 1317, 1099, 1402]",page_0016,CacThanhTruyen4
crops/page_0016/col02_char016.png,麻,U+9EBB,mà,True,1,"[1004, 1402, 1099, 1488]",page_0016,CacThanhTruyen4
crops/page_0016/col02_char017.png,称,U+79F0,xưng,True,1,"[1004, 1488, 1099, 1573]",page_0016,CacThanhTruyen4
crops/page_0016/col02_char018.png,威,U+5A01,ra,True,3,"[1004, 1573, 1099, 1659]",page_0016,CacThanhTruyen4
crops/page_0016/col02_char019.png,命,U+547D,mình,True,1,"[1004, 1659, 1099, 1744]",page_0016,CacThanhTruyen4
crops/page_0016/col02_char020.png,㐌,U+340C,đã,True,1,"[1004, 1744, 1099, 1830]",page_0016,CacThanhTruyen4
crops/page_0016/col02_char021.png,伂,U+4F02,phải,True,2,"[1004, 1830, 1099, 1916]",page_0016,CacThanhTruyen4
crops/page_0016/col03_char000.png,瑇,U+7447,trong,True,3,"[849, 23, 962, 112]",page_0016,CacThanhTruyen4
crops/page_0016/col03_char001.png,吽,U+543D,địa,True,3,"[849, 112, 962, 202]",page_0016,CacThanhTruyen4
crops/page_0016/col03_char002.png,垉,U+5789,ngục,True,3,"[849, 202, 962, 291]",page_0016,CacThanhTruyen4
crops/page_0016/col03_char003.png,𤎔,U+24394,vô,True,3,"[849, 291, 962, 381]",page_0016,CacThanhTruyen4
crops/page_0016/col03_char004.png,穹,U+7A79,cùng,True,3,"[849, 381, 962, 470]",page_0016,CacThanhTruyen4
crops/page_0016/col03_char005.png,劳,U+52B3,Ông,True,3,"[849, 470, 962, 560]",page_0016,CacThanhTruyen4
crops/page_0016/col03_char006.png,侉,U+4F89,Thánh,True,3,"[849, 560, 962, 649]",page_0016,CacThanhTruyen4
crops/page_0016/col03_char007.png,椅,U+6905,ấy,True,3,"[849, 649, 962, 739]",page_0016,CacThanhTruyen4
crops/page_0016/col03_char008.png,穹,U+7A79,cùng,True,3,"[849, 739, 962, 828]",page_0016,CacThanhTruyen4
crops/page_0016/col03_char009.png,󰮏,U+F0B8F,sáu,True,3,"[849, 828, 962, 918]",page_0016,CacThanhTruyen4
crops/page_0016/col03_char010.png,伴,U+4F34,bạn,True,2,"[849, 918, 962, 1007]",page_0016,CacThanhTruyen4
crops/page_0016/col03_char011.png,連,U+9023,liền,True,1,"[849, 1007, 962, 1097]",page_0016,CacThanhTruyen4
crops/page_0016/col03_char012.png,穽,U+7A7D,toan,True,3,"[849, 1097, 962, 1186]",page_0016,CacThanhTruyen4
crops/page_0016/col03_char013.png,补,U+8865,bỏ,True,3,"[849, 1186, 962, 1276]",page_0016,CacThanhTruyen4
crops/page_0016/col03_char014.png,每,U+6BCF,mọi,True,1,"[849, 1276, 962, 1365]",page_0016,CacThanhTruyen4
crops/page_0016/col03_char015.png,事,U+4E8B,sự,True,1,"[849, 1365, 962, 1455]",page_0016,CacThanhTruyen4
crops/page_0016/col03_char016.png,世,U+4E16,thế,True,1,"[849, 1455, 962, 1544]",page_0016,CacThanhTruyen4
crops/page_0016/col03_char017.png,襕,U+8955,gian,True,3,"[849, 1544, 962, 1634]",page_0016,CacThanhTruyen4
crops/page_0016/col03_char018.png,麻,U+9EBB,mà,True,1,"[849, 1634, 962, 1723]",page_0016,CacThanhTruyen4
crops/page_0016/col03_char019.png,多,U+591A,đi,True,1,"[849, 1723, 962, 1813]",page_0016,CacThanhTruyen4
crops/page_0016/col03_char020.png,連,U+9023,lên,True,1,"[849, 1813, 962, 1903]",page_0016,CacThanhTruyen4
crops/page_0016/col04_char000.png,棱,U+68F1,rừng,True,1,"[716, 27, 823, 112]",page_0016,CacThanhTruyen4
crops/page_0016/col04_char001.png,朱,U+6731,cho,True,1,"[716, 112, 823, 198]",page_0016,CacThanhTruyen4
crops/page_0016/col04_char002.png,特,U+7279,được,True,1,"[716, 198, 823, 284]",page_0016,CacThanhTruyen4
crops/page_0016/col04_char003.png,㙤,U+3664,rỗi,True,3,"[716, 284, 823, 369]",page_0016,CacThanhTruyen4
crops/page_0016/col04_char004.png,灵,U+7075,linh,True,1,"[716, 369, 823, 455]",page_0016,CacThanhTruyen4
crops/page_0016/col04_char005.png,塊,U+584A,hồn,True,3,"[716, 455, 823, 541]",page_0016,CacThanhTruyen4
crops/page_0016/col04_char006.png,󱤤,U+F1924,Đêm,True,3,"[716, 541, 823, 626]",page_0016,CacThanhTruyen4
crops/page_0016/col04_char007.png,畧,U+7567,trước,True,1,"[716, 626, 823, 712]",page_0016,CacThanhTruyen4
crops/page_0016/col04_char008.png,翁,U+7FC1,ông,True,1,"[716, 712, 823, 798]",page_0016,CacThanhTruyen4
crops/page_0016/col04_char009.png,聖,U+8056,Thánh,True,1,"[716, 798, 823, 883]",page_0016,CacThanhTruyen4
crops/page_0016/col04_char010.png,𢬳,U+22B33,U,True,3,"[716, 883, 823, 969]",page_0016,CacThanhTruyen4
crops/page_0016/col04_char011.png,姑,U+59D1,cô,True,1,"[716, 969, 823, 1055]",page_0016,CacThanhTruyen4
crops/page_0016/col04_char012.png,胣,U+80E3,đã,True,3,"[716, 1055, 823, 1140]",page_0016,CacThanhTruyen4
crops/page_0016/col04_char013.png,体,U+4F53,thấy,True,1,"[716, 1140, 823, 1226]",page_0016,CacThanhTruyen4
crops/page_0016/col04_char014.png,霁,U+9701,bảy,True,3,"[716, 1226, 823, 1312]",page_0016,CacThanhTruyen4
crops/page_0016/col04_char015.png,丐,U+4E10,cái,True,1,"[716, 1312, 823, 1397]",page_0016,CacThanhTruyen4
crops/page_0016/col04_char016.png,牢,U+7262,sao,True,1,"[716, 1397, 823, 1483]",page_0016,CacThanhTruyen4
crops/page_0016/col04_char017.png,創,U+5275,sáng,True,1,"[716, 1483, 823, 1569]",page_0016,CacThanhTruyen4
crops/page_0016/col04_char018.png,朗,U+6717,láng,True,1,"[716, 1569, 823, 1654]",page_0016,CacThanhTruyen4
crops/page_0016/col04_char019.png,旦,U+65E6,đến,True,1,"[716, 1654, 823, 1740]",page_0016,CacThanhTruyen4
crops/page_0016/col04_char020.png,畧,U+7567,trước,True,1,"[716, 1740, 823, 1826]",page_0016,CacThanhTruyen4
crops/page_0016/col04_char021.png,末,U+672B,mặt,True,1,"[716, 1826, 823, 1912]",page_0016,CacThanhTruyen4
crops/page_0016/col05_char000.png,命,U+547D,mình,True,1,"[581, 32, 677, 117]",page_0016,CacThanhTruyen4
crops/page_0016/col05_char001.png,創,U+5275,Sáng,True,1,"[581, 117, 677, 203]",page_0016,CacThanhTruyen4
crops/page_0016/col05_char002.png,𡐙,U+21419,ngày,True,3,"[581, 203, 677, 289]",page_0016,CacThanhTruyen4
crops/page_0016/col05_char003.png,体,U+4F53,thấy,True,1,"[581, 289, 677, 375]",page_0016,CacThanhTruyen4
crops/page_0016/col05_char004.png,罢,U+7F62,bảy,True,1,"[581, 375, 677, 460]",page_0016,CacThanhTruyen4
crops/page_0016/col05_char005.png,翁,U+7FC1,ông,True,1,"[581, 460, 677, 546]",page_0016,CacThanhTruyen4
crops/page_0016/col05_char006.png,意,U+610F,ấy,True,1,"[581, 546, 677, 632]",page_0016,CacThanhTruyen4
crops/page_0016/col05_char007.png,寇,U+5BC7,quỳ,True,3,"[581, 632, 677, 718]",page_0016,CacThanhTruyen4
crops/page_0016/col05_char008.png,𫴋,U+2BD0B,xuống,True,3,"[581, 718, 677, 803]",page_0016,CacThanhTruyen4
crops/page_0016/col05_char009.png,填,U+586B,xin,True,2,"[581, 803, 677, 889]",page_0016,CacThanhTruyen4
crops/page_0016/col05_char010.png,立,U+7ACB,lập,True,1,"[581, 889, 677, 975]",page_0016,CacThanhTruyen4
crops/page_0016/col05_char011.png,用,U+7528,dòng,True,1,"[581, 975, 677, 1061]",page_0016,CacThanhTruyen4
crops/page_0016/col05_char012.png,柴,U+67F4,thầy,True,1,"[581, 1061, 677, 1147]",page_0016,CacThanhTruyen4
crops/page_0016/col05_char013.png,連,U+9023,trên,True,1,"[581, 1147, 677, 1232]",page_0016,CacThanhTruyen4
crops/page_0016/col05_char014.png,㘨,U+3628,núi,True,3,"[581, 1232, 677, 1318]",page_0016,CacThanhTruyen4
crops/page_0016/col05_char015.png,其,U+5176,kia,True,1,"[581, 1318, 677, 1404]",page_0016,CacThanhTruyen4
crops/page_0016/col05_char016.png,先,U+5148,tên,True,1,"[581, 1404, 677, 1490]",page_0016,CacThanhTruyen4
crops/page_0016/col05_char017.png,容,U+5BB9,là,True,3,"[581, 1490, 677, 1575]",page_0016,CacThanhTruyen4
crops/page_0016/col05_char018.png,噤,U+5664,Ga,True,3,"[581, 1575, 677, 1661]",page_0016,CacThanhTruyen4
crops/page_0016/col05_char019.png,馐,U+9990,tu,True,3,"[581, 1661, 677, 1747]",page_0016,CacThanhTruyen4
crops/page_0016/col05_char020.png,車,U+8ECA,xa,True,1,"[581, 1747, 677, 1833]",page_0016,CacThanhTruyen4
crops/page_0016/col05_char021.png,時,U+6642,thì,True,1,"[581, 1833, 677, 1918]",page_0016,CacThanhTruyen4
crops/page_0016/col06_char000.png,梅,U+6885,mới,True,3,"[451, 36, 547, 117]",page_0016,CacThanhTruyen4
crops/page_0016/col06_char001.png,別,U+5225,biết,True,1,"[451, 117, 547, 199]",page_0016,CacThanhTruyen4
crops/page_0016/col06_char002.png,意,U+610F,ý,True,1,"[451, 199, 547, 281]",page_0016,CacThanhTruyen4
crops/page_0016/col06_char003.png,罢,U+7F62,bảy,True,1,"[451, 281, 547, 362]",page_0016,CacThanhTruyen4
crops/page_0016/col06_char004.png,丐,U+4E10,cái,True,1,"[451, 362, 547, 444]",page_0016,CacThanhTruyen4
crops/page_0016/col06_char005.png,牢,U+7262,sao,True,1,"[451, 444, 547, 526]",page_0016,CacThanhTruyen4
crops/page_0016/col06_char006.png,意,U+610F,ấy,True,1,"[451, 526, 547, 607]",page_0016,CacThanhTruyen4
crops/page_0016/col06_char007.png,麻,U+9EBB,mà,True,1,"[451, 607, 547, 689]",page_0016,CacThanhTruyen4
crops/page_0016/col06_char008.png,阇,U+9607,mừng,True,3,"[451, 689, 547, 771]",page_0016,CacThanhTruyen4
crops/page_0016/col06_char009.png,凜,U+51DC,lắm,True,1,"[451, 771, 547, 852]",page_0016,CacThanhTruyen4
crops/page_0016/col06_char010.png,鶲,U+9DB2,Ông,True,3,"[451, 852, 547, 934]",page_0016,CacThanhTruyen4
crops/page_0016/col06_char011.png,曰,U+66F0,viết,True,1,"[451, 934, 547, 1016]",page_0016,CacThanhTruyen4
crops/page_0016/col06_char012.png,摹,U+6479,vồ,True,3,"[451, 1016, 547, 1098]",page_0016,CacThanhTruyen4
crops/page_0016/col06_char013.png,迻,U+8FFB,đưa,True,2,"[451, 1098, 547, 1179]",page_0016,CacThanhTruyen4
crops/page_0016/col06_char014.png,𪠞,U+2A81E,đi,True,3,"[451, 1179, 547, 1261]",page_0016,CacThanhTruyen4
crops/page_0016/col06_char015.png,旦,U+65E6,đến,True,1,"[451, 1261, 547, 1343]",page_0016,CacThanhTruyen4
crops/page_0016/col06_char016.png,尼,U+5C3C,nơi,True,2,"[451, 1343, 547, 1424]",page_0016,CacThanhTruyen4
crops/page_0016/col06_char017.png,窖,U+7A96,và,True,3,"[451, 1424, 547, 1506]",page_0016,CacThanhTruyen4
crops/page_0016/col06_char018.png,固,U+56FA,có,True,1,"[451, 1506, 547, 1588]",page_0016,CacThanhTruyen4
crops/page_0016/col06_char019.png,饒,U+9952,nhiều,True,1,"[451, 1588, 547, 1669]",page_0016,CacThanhTruyen4
crops/page_0016/col06_char020.png,吝,U+541D,lần,True,1,"[451, 1669, 547, 1751]",page_0016,CacThanhTruyen4
crops/page_0016/col06_char021.png,於,U+65BC,ở,True,1,"[451, 1751, 547, 1833]",page_0016,CacThanhTruyen4
crops/page_0016/col06_char022.png,帝,U+5E1D,đấy,True,1,"[451, 1833, 547, 1915]",page_0016,CacThanhTruyen4
crops/page_0016/col07_char000.png,𨺻,U+28EBB,hãm,True,1,"[316, 26, 414, 107]",page_0016,CacThanhTruyen4
crops/page_0016/col07_char001.png,命,U+547D,mình,True,1,"[316, 107, 414, 189]",page_0016,CacThanhTruyen4
crops/page_0016/col07_char002.png,邛,U+909B,cùng,True,2,"[316, 189, 414, 271]",page_0016,CacThanhTruyen4
crops/page_0016/col07_char003.png,夋,U+590B,các,True,3,"[316, 271, 414, 353]",page_0016,CacThanhTruyen4
crops/page_0016/col07_char004.png,槃,U+69C3,thầy,True,3,"[316, 353, 414, 434]",page_0016,CacThanhTruyen4
crops/page_0016/col07_char005.png,吒,U+5412,Cha,True,1,"[316, 434, 414, 516]",page_0016,CacThanhTruyen4
crops/page_0016/col07_char006.png,㝵,U+3775,người,True,1,"[316, 516, 414, 598]",page_0016,CacThanhTruyen4
crops/page_0016/col07_char007.png,先,U+5148,tên,True,1,"[316, 598, 414, 680]",page_0016,CacThanhTruyen4
crops/page_0016/col07_char008.png,𬗢,U+2C5E2,là,True,3,"[316, 680, 414, 762]",page_0016,CacThanhTruyen4
crops/page_0016/col07_char009.png,汅,U+6C45,Ô,True,2,"[316, 762, 414, 843]",page_0016,CacThanhTruyen4
crops/page_0016/col07_char010.png,𢴐,U+22D10,ri,True,3,"[316, 843, 414, 925]",page_0016,CacThanhTruyen4
crops/page_0016/col07_char011.png,竜,U+7ADC,long,True,1,"[316, 925, 414, 1007]",page_0016,CacThanhTruyen4
crops/page_0016/col07_char012.png,拱,U+62F1,cũng,True,1,"[316, 1007, 414, 1089]",page_0016,CacThanhTruyen4
crops/page_0016/col07_char013.png,包,U+5305,vào,True,1,"[316, 1089, 414, 1170]",page_0016,CacThanhTruyen4
crops/page_0016/col07_char014.png,𣳔,U+23CD4,dòng,True,2,"[316, 1170, 414, 1252]",page_0016,CacThanhTruyen4
crops/page_0016/col07_char015.png,意,U+610F,ấy,True,1,"[316, 1252, 414, 1334]",page_0016,CacThanhTruyen4
crops/page_0016/col07_char016.png,女,U+5973,nữa,True,1,"[316, 1334, 414, 1416]",page_0016,CacThanhTruyen4
crops/page_0016/col07_char017.png,麻,U+9EBB,mà,True,1,"[316, 1416, 414, 1498]",page_0016,CacThanhTruyen4
crops/page_0016/col07_char018.png,特,U+7279,được,True,1,"[316, 1498, 414, 1579]",page_0016,CacThanhTruyen4
crops/page_0016/col07_char019.png,蔑,U+8511,một,True,3,"[316, 1579, 414, 1661]",page_0016,CacThanhTruyen4
crops/page_0016/col07_char020.png,婪,U+5A6A,trăm,True,3,"[316, 1661, 414, 1743]",page_0016,CacThanhTruyen4
crops/page_0016/col07_char021.png,歳,U+6B73,tuổi,True,1,"[316, 1743, 414, 1825]",page_0016,CacThanhTruyen4
crops/page_0016/col07_char022.png,擦,U+64E6,dày,True,3,"[316, 1825, 414, 1907]",page_0016,CacThanhTruyen4
crops/page_0016/col08_char000.png,鑧,U+9467,phúc,True,3,"[173, 32, 265, 112]",page_0016,CacThanhTruyen4
crops/page_0016/col08_char001.png,𣙁,U+23641,đức,True,3,"[173, 112, 265, 193]",page_0016,CacThanhTruyen4
crops/page_0016/col08_char002.png,徬,U+5FAC,mới,True,3,"[173, 193, 265, 273]",page_0016,CacThanhTruyen4
crops/page_0016/col08_char003.png,䲼,U+4CBC,sinh,True,3,"[173, 273, 265, 354]",page_0016,CacThanhTruyen4
crops/page_0016/col08_char004.png,㮛,U+3B9B,thì,True,3,"[173, 354, 265, 435]",page_0016,CacThanhTruyen4
crops/page_0016/col08_char005.png,昆,U+6606,Con,True,1,"[173, 435, 265, 515]",page_0016,CacThanhTruyen4
crops/page_0016/col08_char006.png,多,U+591A,đi,True,1,"[173, 515, 265, 596]",page_0016,CacThanhTruyen4
crops/page_0016/col08_char007.png,橇,U+6A47,cầu,True,3,"[173, 596, 265, 677]",page_0016,CacThanhTruyen4
crops/page_0016/col08_char008.png,托,U+6258,cha,True,2,"[173, 677, 265, 757]",page_0016,CacThanhTruyen4
crops/page_0016/col08_char009.png,喡,U+55A1,và,True,2,"[173, 757, 265, 838]",page_0016,CacThanhTruyen4
crops/page_0016/col08_char010.png,朱,U+6731,cho,True,1,"[173, 838, 265, 919]",page_0016,CacThanhTruyen4
crops/page_0016/col08_char011.png,召,U+53EC,chịu,True,1,"[173, 919, 265, 999]",page_0016,CacThanhTruyen4
crops/page_0016/col08_char012.png,姑,U+59D1,Cô,True,1,"[173, 999, 265, 1080]",page_0016,CacThanhTruyen4
crops/page_0016/col08_char013.png,麽,U+9EBD,mô,True,3,"[173, 1080, 265, 1161]",page_0016,CacThanhTruyen4
crops/page_0016/col08_char014.png,戎,U+620E,nhong,True,1,"[173, 1161, 265, 1241]",page_0016,CacThanhTruyen4
crops/page_0016/col08_char015.png,弯,U+5F2F,cùng,True,3,"[173, 1241, 265, 1322]",page_0016,CacThanhTruyen4
crops/page_0016/col08_char016.png,拮,U+62EE,cất,True,1,"[173, 1322, 265, 1403]",page_0016,CacThanhTruyen4
crops/page_0016/col08_char017.png,殻,U+6BBB,xác,True,1,"[173, 1403, 265, 1483]",page_0016,CacThanhTruyen4
crops/page_0016/col08_char018.png,袄,U+8884,Mẹ,True,3,"[173, 1483, 265, 1564]",page_0016,CacThanhTruyen4
crops/page_0016/col08_char019.png,考,U+8003,người,True,3,"[173, 1564, 265, 1645]",page_0016,CacThanhTruyen4
crops/page_0016/col08_char020.png,拱,U+62F1,cũng,True,1,"[173, 1645, 265, 1725]",page_0016,CacThanhTruyen4
crops/page_0016/col08_char021.png,悶,U+60B6,muốn,True,1,"[173, 1725, 265, 1806]",page_0016,CacThanhTruyen4
crops/page_0016/col08_char022.png,補,U+88DC,bỏ,True,1,"[173, 1806, 265, 1887]",page_0016,CacThanhTruyen4
crops/page_0016/col09_char000.png,捧,U+6367,thế,True,3,"[22, 25, 116, 106]",page_0016,CacThanhTruyen4
crops/page_0016/col09_char001.png,姦,U+59E6,gian,True,3,"[22, 106, 116, 187]",page_0016,CacThanhTruyen4
crops/page_0016/col09_char002.png,窻,U+7ABB,song,True,3,"[22, 187, 116, 269]",page_0016,CacThanhTruyen4
crops/page_0016/col09_char003.png,离,U+79BB,le,True,3,"[22, 269, 116, 350]",page_0016,CacThanhTruyen4
crops/page_0016/col09_char004.png,𫴾,U+2BD3E,con,True,3,"[22, 350, 116, 432]",page_0016,CacThanhTruyen4
crops/page_0016/col09_char005.png,息,U+606F,can,True,3,"[22, 432, 116, 513]",page_0016,CacThanhTruyen4
crops/page_0016/col09_char006.png,𠰃,U+20C03,mà,True,3,"[22, 513, 116, 595]",page_0016,CacThanhTruyen4
crops/page_0016/col09_char007.png,𠦿,U+209BF,khuyên,True,3,"[22, 595, 116, 676]",page_0016,CacThanhTruyen4
crops/page_0016/col09_char008.png,󱸞,U+F1E1E,nuôi,True,3,"[22, 676, 116, 758]",page_0016,CacThanhTruyen4
crops/page_0016/col09_char009.png,娞,U+5A1E,những,True,3,"[22, 758, 116, 839]",page_0016,CacThanhTruyen4
crops/page_0016/col09_char010.png,𫴾,U+2BD3E,con,True,3,"[22, 839, 116, 921]",page_0016,CacThanhTruyen4
crops/page_0016/col09_char011.png,󰃃,U+F00C3,mọn,True,3,"[22, 921, 116, 1002]",page_0016,CacThanhTruyen4
crops/page_0016/col09_char012.png,𡸏,U+21E0F,vì,True,3,"[22, 1002, 116, 1084]",page_0016,CacThanhTruyen4
crops/page_0016/col09_char013.png,务,U+52A1,nuôi,True,3,"[22, 1084, 116, 1165]",page_0016,CacThanhTruyen4
crops/page_0016/col09_char014.png,娞,U+5A1E,làm,True,3,"[22, 1165, 116, 1247]",page_0016,CacThanhTruyen4
crops/page_0016/col09_char015.png,丕,U+4E15,vậy,True,3,"[22, 1247, 116, 1328]",page_0016,CacThanhTruyen4
crops/page_0016/col09_char016.png,否,U+5426,cũng,True,3,"[22, 1328, 116, 1410]",page_0016,CacThanhTruyen4
crops/page_0016/col09_char017.png,𢬭,U+22B2D,có,True,3,"[22, 1410, 116, 1491]",page_0016,CacThanhTruyen4
crops/page_0016/col09_char018.png,覆,U+8986,phúc,True,3,"[22, 1491, 116, 1573]",page_0016,CacThanhTruyen4
crops/page_0016/col09_char019.png,𣙁,U+23641,trọng,True,3,"[22, 1573, 116, 1654]",page_0016,CacThanhTruyen4
crops/page_0016/col09_char020.png,姅,U+59C5,nữa,True,3,"[22, 1654, 116, 1736]",page_0016,CacThanhTruyen4
crops/page_0016/col09_char021.png,幻,U+5E7B,Đến,True,3,"[22, 1736, 116, 1817]",page_0016,CacThanhTruyen4
crops/page_0016/col09_char022.png,欺,U+6B3A,khi,True,1,"[22, 1817, 116, 1899]",page_0016,CacThanhTruyen4
crops/page_0018/col01_char000.png,翁,U+7FC1,ông,True,1,"[1211, 129, 1313, 207]",page_0018,CacThanhTruyen4
crops/page_0018/col01_char001.png,𨉑,U+28251,Thánh,True,3,"[1211, 207, 1313, 284]",page_0018,CacThanhTruyen4
crops/page_0018/col01_char002.png,揷,U+63F7,U,True,3,"[1211, 284, 1313, 362]",page_0018,CacThanhTruyen4
crops/page_0018/col01_char003.png,姑,U+59D1,cô,True,1,"[1211, 362, 1313, 440]",page_0018,CacThanhTruyen4
crops/page_0018/col01_char004.png,特,U+7279,được,True,1,"[1211, 440, 1313, 517]",page_0018,CacThanhTruyen4
crops/page_0018/col01_char005.png,参,U+53C2,tám,True,3,"[1211, 517, 1313, 595]",page_0018,CacThanhTruyen4
crops/page_0018/col01_char006.png,𠦩,U+209A9,mươi,True,3,"[1211, 595, 1313, 673]",page_0018,CacThanhTruyen4
crops/page_0018/col01_char007.png,󰣳,U+F08F3,tuổi,True,3,"[1211, 673, 1313, 750]",page_0018,CacThanhTruyen4
crops/page_0018/col01_char008.png,喡,U+55A1,và,True,2,"[1211, 750, 1313, 828]",page_0018,CacThanhTruyen4
crops/page_0018/col01_char009.png,约,U+7EA6,ước,True,1,"[1211, 828, 1313, 905]",page_0018,CacThanhTruyen4
crops/page_0018/col01_char010.png,㘭,U+362D,ao,True,3,"[1211, 905, 1313, 983]",page_0018,CacThanhTruyen4
crops/page_0018/col01_char011.png,体,U+4F53,thấy,True,1,"[1211, 983, 1313, 1061]",page_0018,CacThanhTruyen4
crops/page_0018/col01_char012.png,末,U+672B,mặt,True,1,"[1211, 1061, 1313, 1138]",page_0018,CacThanhTruyen4
crops/page_0018/col01_char013.png,主,U+4E3B,Chúa,True,1,"[1211, 1138, 1313, 1216]",page_0018,CacThanhTruyen4
crops/page_0018/col01_char014.png,閍,U+958D,muôn,True,2,"[1211, 1216, 1313, 1294]",page_0018,CacThanhTruyen4
crops/page_0018/col01_char015.png,物,U+7269,vật,True,1,"[1211, 1294, 1313, 1371]",page_0018,CacThanhTruyen4
crops/page_0018/col01_char016.png,𤷰,U+24DF0,tỏ,True,3,"[1211, 1371, 1313, 1449]",page_0018,CacThanhTruyen4
crops/page_0018/col01_char017.png,詳,U+8A73,tường,True,1,"[1211, 1449, 1313, 1526]",page_0018,CacThanhTruyen4
crops/page_0018/col01_char018.png,時,U+6642,thì,True,1,"[1211, 1526, 1313, 1604]",page_0018,CacThanhTruyen4
crops/page_0018/col01_char019.png,德,U+5FB7,Đức,True,1,"[1211, 1604, 1313, 1682]",page_0018,CacThanhTruyen4
crops/page_0018/col01_char020.png,主,U+4E3B,Chúa,True,1,"[1211, 1682, 1313, 1759]",page_0018,CacThanhTruyen4
crops/page_0018/col01_char021.png,禰,U+79B0,Trời,True,3,"[1211, 1759, 1313, 1837]",page_0018,CacThanhTruyen4
crops/page_0018/col01_char022.png,綽,U+7DBD,rước,True,1,"[1211, 1837, 1313, 1915]",page_0018,CacThanhTruyen4
crops/page_0018/col02_char000.png,赛,U+8D5B,lên,True,3,"[1062, 45, 1159, 130]",page_0018,CacThanhTruyen4
crops/page_0018/col02_char001.png,𫶸,U+2BDB8,trời,True,3,"[1062, 130, 1159, 216]",page_0018,CacThanhTruyen4
crops/page_0018/col02_char002.png,喡,U+55A1,và,True,2,"[1062, 216, 1159, 301]",page_0018,CacThanhTruyen4
crops/page_0018/col02_char003.png,𫜵,U+2B735,làm,True,3,"[1062, 301, 1159, 387]",page_0018,CacThanhTruyen4
crops/page_0018/col02_char004.png,饒,U+9952,nhiều,True,1,"[1062, 387, 1159, 473]",page_0018,CacThanhTruyen4
crops/page_0018/col02_char005.png,法,U+6CD5,phép,True,1,"[1062, 473, 1159, 558]",page_0018,CacThanhTruyen4
crops/page_0018/col02_char006.png,󰬦,U+F0B26,lạ,True,3,"[1062, 558, 1159, 644]",page_0018,CacThanhTruyen4
crops/page_0018/col02_char007.png,爲,U+7232,vì,True,1,"[1062, 644, 1159, 730]",page_0018,CacThanhTruyen4
crops/page_0018/col02_char008.png,功,U+529F,công,True,1,"[1062, 730, 1159, 815]",page_0018,CacThanhTruyen4
crops/page_0018/col02_char009.png,嶪,U+5DAA,nghiệp,True,3,"[1062, 815, 1159, 901]",page_0018,CacThanhTruyen4
crops/page_0018/col02_char010.png,㝵,U+3775,người,True,1,"[1062, 901, 1159, 987]",page_0018,CacThanhTruyen4
crops/page_0018/col03_char000.png,自,U+81EA,Từ,True,1,"[900, 35, 1017, 117]",page_0018,CacThanhTruyen4
crops/page_0018/col03_char001.png,德,U+5FB7,Đức,True,1,"[900, 117, 1017, 200]",page_0018,CacThanhTruyen4
crops/page_0018/col03_char002.png,主,U+4E3B,Chúa,True,1,"[900, 200, 1017, 283]",page_0018,CacThanhTruyen4
crops/page_0018/col03_char003.png,支,U+652F,Giê,True,1,"[900, 283, 1017, 365]",page_0018,CacThanhTruyen4
crops/page_0018/col03_char004.png,𤉜,U+2425C,su,True,3,"[900, 365, 1017, 448]",page_0018,CacThanhTruyen4
crops/page_0018/col03_char005.png,𠏭,U+203ED,ra,True,3,"[900, 448, 1017, 531]",page_0018,CacThanhTruyen4
crops/page_0018/col03_char006.png,代,U+4EE3,đời,True,1,"[900, 531, 1017, 613]",page_0018,CacThanhTruyen4
crops/page_0018/col03_char007.png,朱,U+6731,cho,True,1,"[900, 613, 1017, 696]",page_0018,CacThanhTruyen4
crops/page_0018/col03_char008.png,旦,U+65E6,đến,True,1,"[900, 696, 1017, 779]",page_0018,CacThanhTruyen4
crops/page_0018/col03_char009.png,翁,U+7FC1,ông,True,1,"[900, 779, 1017, 861]",page_0018,CacThanhTruyen4
crops/page_0018/col03_char010.png,梐,U+6890,Thánh,True,3,"[900, 861, 1017, 944]",page_0018,CacThanhTruyen4
crops/page_0018/col03_char011.png,尼,U+5C3C,này,True,1,"[900, 944, 1017, 1027]",page_0018,CacThanhTruyen4
crops/page_0018/col03_char012.png,摁,U+6441,khỏi,True,3,"[900, 1027, 1017, 1109]",page_0018,CacThanhTruyen4
crops/page_0018/col03_char013.png,没,U+6CA1,một,True,1,"[900, 1109, 1017, 1192]",page_0018,CacThanhTruyen4
crops/page_0018/col03_char014.png,芳,U+82B3,nghìn,True,3,"[900, 1192, 1017, 1275]",page_0018,CacThanhTruyen4
crops/page_0018/col03_char015.png,殁,U+6B81,một,True,2,"[900, 1275, 1017, 1357]",page_0018,CacThanhTruyen4
crops/page_0018/col03_char016.png,婪,U+5A6A,trăm,True,3,"[900, 1357, 1017, 1440]",page_0018,CacThanhTruyen4
crops/page_0018/col03_char017.png,巴,U+5DF4,ba,True,1,"[900, 1440, 1017, 1523]",page_0018,CacThanhTruyen4
crops/page_0018/col03_char018.png,邁,U+9081,mươi,True,1,"[900, 1523, 1017, 1605]",page_0018,CacThanhTruyen4
crops/page_0018/col03_char019.png,侼,U+4FBC,hai,True,3,"[900, 1605, 1017, 1688]",page_0018,CacThanhTruyen4
crops/page_0018/col03_char020.png,南,U+5357,năm,True,1,"[900, 1688, 1017, 1771]",page_0018,CacThanhTruyen4
crops/page_0018/col04_char000.png,夢,U+5922,MỒNG,True,1,"[768, 161, 879, 257]",page_0018,CacThanhTruyen4
crops/page_0018/col04_char001.png,󰀘,U+F0018,HAI,True,3,"[768, 257, 879, 353]",page_0018,CacThanhTruyen4
crops/page_0018/col04_char002.png,翁,U+7FC1,Ông,True,1,"[773, 488, 866, 567]",page_0018,CacThanhTruyen4
crops/page_0018/col04_char003.png,𩄎,U+2910E,Thánh,True,3,"[773, 567, 866, 647]",page_0018,CacThanhTruyen4
crops/page_0018/col04_char004.png,支,U+652F,Chi,True,1,"[773, 647, 866, 726]",page_0018,CacThanhTruyen4
crops/page_0018/col04_char005.png,姑,U+59D1,cô,True,1,"[773, 726, 866, 806]",page_0018,CacThanhTruyen4
crops/page_0018/col04_char006.png,抛,U+629B,phao,True,1,"[773, 806, 866, 885]",page_0018,CacThanhTruyen4
crops/page_0018/col04_char007.png,蛰,U+86F0,la,True,3,"[773, 885, 866, 965]",page_0018,CacThanhTruyen4
crops/page_0018/col04_char008.png,傳,U+50B3,truyện,True,1,"[773, 965, 866, 1045]",page_0018,CacThanhTruyen4
crops/page_0018/col05_char000.png,中,U+4E2D,Trong,True,1,"[613, 42, 719, 120]",page_0018,CacThanhTruyen4
crops/page_0018/col05_char001.png,於,U+65BC,nước,True,3,"[613, 120, 719, 198]",page_0018,CacThanhTruyen4
crops/page_0018/col05_char002.png,那,U+90A3,Na,True,1,"[613, 198, 719, 276]",page_0018,CacThanhTruyen4
crops/page_0018/col05_char003.png,字,U+5B57,vu,True,3,"[613, 276, 719, 354]",page_0018,CacThanhTruyen4
crops/page_0018/col05_char004.png,黎,U+9ECE,lê,True,1,"[613, 354, 719, 432]",page_0018,CacThanhTruyen4
crops/page_0018/col05_char005.png,處,U+8655,xứ,True,1,"[613, 432, 719, 510]",page_0018,CacThanhTruyen4
crops/page_0018/col05_char006.png,楂,U+6942,Ga,True,2,"[613, 510, 719, 588]",page_0018,CacThanhTruyen4
crops/page_0018/col05_char007.png,驘,U+9A58,la,True,3,"[613, 588, 719, 667]",page_0018,CacThanhTruyen4
crops/page_0018/col05_char008.png,𪅨,U+2A168,ri,True,3,"[613, 667, 719, 745]",page_0018,CacThanhTruyen4
crops/page_0018/col05_char009.png,阿,U+963F,a,True,1,"[613, 745, 719, 823]",page_0018,CacThanhTruyen4
crops/page_0018/col05_char010.png,生,U+751F,sinh,True,1,"[613, 823, 719, 901]",page_0018,CacThanhTruyen4
crops/page_0018/col05_char011.png,𡳎,U+21CCE,ra,True,3,"[613, 901, 719, 979]",page_0018,CacThanhTruyen4
crops/page_0018/col05_char012.png,翁,U+7FC1,ông,True,1,"[613, 979, 719, 1057]",page_0018,CacThanhTruyen4
crops/page_0018/col05_char013.png,喒,U+5592,Thánh,True,3,"[613, 1057, 719, 1135]",page_0018,CacThanhTruyen4
crops/page_0018/col05_char014.png,芝,U+829D,Chi,True,2,"[613, 1135, 719, 1213]",page_0018,CacThanhTruyen4
crops/page_0018/col05_char015.png,姑,U+59D1,cô,True,1,"[613, 1213, 719, 1292]",page_0018,CacThanhTruyen4
crops/page_0018/col05_char016.png,碇,U+7887,gần,True,3,"[613, 1292, 719, 1370]",page_0018,CacThanhTruyen4
crops/page_0018/col05_char017.png,尼,U+5C3C,nơi,True,1,"[613, 1370, 719, 1448]",page_0018,CacThanhTruyen4
crops/page_0018/col05_char018.png,廊,U+5ECA,làng,True,1,"[613, 1448, 719, 1526]",page_0018,CacThanhTruyen4
crops/page_0018/col05_char019.png,先,U+5148,tên,True,1,"[613, 1526, 719, 1604]",page_0018,CacThanhTruyen4
crops/page_0018/col05_char020.png,茺,U+833A,là,True,3,"[613, 1604, 719, 1682]",page_0018,CacThanhTruyen4
crops/page_0018/col05_char021.png,抛,U+629B,Phao,True,1,"[613, 1682, 719, 1760]",page_0018,CacThanhTruyen4
crops/page_0018/col05_char022.png,褡,U+8921,ra,True,3,"[613, 1760, 719, 1838]",page_0018,CacThanhTruyen4
crops/page_0018/col05_char023.png,托,U+6258,Cha,True,2,"[613, 1838, 719, 1917]",page_0018,CacThanhTruyen4
crops/page_0018/col06_char000.png,婊,U+5A4A,mẹ,True,3,"[467, 38, 567, 141]",page_0018,CacThanhTruyen4
crops/page_0018/col06_char001.png,庫,U+5EAB,khó,True,1,"[467, 141, 567, 245]",page_0018,CacThanhTruyen4
crops/page_0018/col06_char002.png,中,U+4E2D,khăn,True,1,"[467, 245, 567, 349]",page_0018,CacThanhTruyen4
crops/page_0018/col06_char003.png,廾,U+5EFE,cùng,True,2,"[467, 349, 567, 453]",page_0018,CacThanhTruyen4
crops/page_0018/col06_char004.png,閑,U+9591,hèn,True,1,"[467, 453, 567, 557]",page_0018,CacThanhTruyen4
crops/page_0018/col06_char005.png,畧,U+7567,trước,True,1,"[467, 557, 567, 661]",page_0018,CacThanhTruyen4
crops/page_0018/col06_char006.png,末,U+672B,mặt,True,1,"[467, 661, 567, 765]",page_0018,CacThanhTruyen4
crops/page_0018/col06_char007.png,𥐧,U+25427,người,True,3,"[467, 765, 567, 869]",page_0018,CacThanhTruyen4
crops/page_0018/col06_char008.png,世,U+4E16,thế,True,1,"[467, 869, 567, 973]",page_0018,CacThanhTruyen4
crops/page_0018/col06_char009.png,間,U+9593,gian,True,1,"[467, 973, 567, 1077]",page_0018,CacThanhTruyen4
crops/page_0018/col06_char010.png,窻,U+7ABB,song,True,3,"[467, 1077, 567, 1181]",page_0018,CacThanhTruyen4
crops/page_0018/col06_char011.png,离,U+79BB,le,True,1,"[467, 1181, 567, 1285]",page_0018,CacThanhTruyen4
crops/page_0018/col06_char012.png,𢚹,U+226B9,sang,True,3,"[467, 1285, 567, 1389]",page_0018,CacThanhTruyen4
crops/page_0018/col06_char013.png,重,U+91CD,trọng,True,1,"[467, 1389, 567, 1493]",page_0018,CacThanhTruyen4
crops/page_0018/col06_char014.png,凜,U+51DC,lắm,True,1,"[467, 1493, 567, 1597]",page_0018,CacThanhTruyen4
crops/page_0018/col06_char015.png,爲,U+7232,vì,True,1,"[467, 1597, 567, 1701]",page_0018,CacThanhTruyen4
crops/page_0018/col06_char016.png,枼,U+67BC,đẹp,True,1,"[467, 1701, 567, 1805]",page_0018,CacThanhTruyen4
crops/page_0018/col06_char017.png,弄,U+5F04,lòng,True,1,"[467, 1805, 567, 1909]",page_0018,CacThanhTruyen4
crops/page_0018/col07_char000.png,徳,U+5FB3,Đức,True,3,"[313, 36, 424, 129]",page_0018,CacThanhTruyen4
crops/page_0018/col07_char001.png,主,U+4E3B,Chúa,True,1,"[313, 129, 424, 223]",page_0018,CacThanhTruyen4
crops/page_0018/col07_char002.png,𫶸,U+2BDB8,Trời,True,3,"[313, 223, 424, 316]",page_0018,CacThanhTruyen4
crops/page_0018/col07_char003.png,欺,U+6B3A,Khi,True,1,"[313, 316, 424, 410]",page_0018,CacThanhTruyen4
crops/page_0018/col07_char004.png,㝵,U+3775,người,True,1,"[313, 410, 424, 503]",page_0018,CacThanhTruyen4
crops/page_0018/col07_char005.png,群,U+7FA4,còn,True,1,"[313, 503, 424, 597]",page_0018,CacThanhTruyen4
crops/page_0018/col07_char006.png,秪,U+79EA,trẻ,True,3,"[313, 597, 424, 690]",page_0018,CacThanhTruyen4
crops/page_0018/col07_char007.png,推,U+63A8,suy,True,1,"[313, 690, 424, 784]",page_0018,CacThanhTruyen4
crops/page_0018/col07_char008.png,特,U+7279,được,True,1,"[313, 784, 424, 877]",page_0018,CacThanhTruyen4
crops/page_0018/col07_char009.png,事,U+4E8B,sự,True,1,"[313, 877, 424, 971]",page_0018,CacThanhTruyen4
crops/page_0018/col07_char010.png,世,U+4E16,thế,True,1,"[313, 971, 424, 1064]",page_0018,CacThanhTruyen4
crops/page_0018/col07_char011.png,間,U+9593,gian,True,1,"[313, 1064, 424, 1158]",page_0018,CacThanhTruyen4
crops/page_0018/col07_char012.png,囉,U+56C9,là,True,3,"[313, 1158, 424, 1251]",page_0018,CacThanhTruyen4
crops/page_0018/col07_char013.png,事,U+4E8B,sự,True,1,"[313, 1251, 424, 1345]",page_0018,CacThanhTruyen4
crops/page_0018/col07_char014.png,閑,U+9591,hèn,True,1,"[313, 1345, 424, 1438]",page_0018,CacThanhTruyen4
crops/page_0018/col07_char015.png,廩,U+5EE9,lắm,True,1,"[313, 1438, 424, 1532]",page_0018,CacThanhTruyen4
crops/page_0018/col07_char016.png,麻,U+9EBB,mà,True,1,"[313, 1532, 424, 1625]",page_0018,CacThanhTruyen4
crops/page_0018/col07_char017.png,愜,U+611C,làm,True,3,"[313, 1625, 424, 1719]",page_0018,CacThanhTruyen4
crops/page_0018/col07_char018.png,伴,U+4F34,bạn,True,1,"[313, 1719, 424, 1812]",page_0018,CacThanhTruyen4
crops/page_0018/col07_char019.png,其,U+5176,cùng,True,2,"[313, 1812, 424, 1906]",page_0018,CacThanhTruyen4
crops/page_0018/col08_char000.png,考,U+8003,ta,True,3,"[181, 33, 286, 132]",page_0018,CacThanhTruyen4
crops/page_0018/col08_char001.png,紫,U+7D2B,khỏi,True,3,"[181, 132, 286, 231]",page_0018,CacThanhTruyen4
crops/page_0018/col08_char002.png,瑰,U+7470,tội,True,3,"[181, 231, 286, 330]",page_0018,CacThanhTruyen4
crops/page_0018/col08_char003.png,穉,U+7A49,là,True,3,"[181, 330, 286, 430]",page_0018,CacThanhTruyen4
crops/page_0018/col08_char004.png,娤,U+5A24,họa,True,3,"[181, 430, 286, 529]",page_0018,CacThanhTruyen4
crops/page_0018/col08_char005.png,𬀦,U+2C026,thời,True,3,"[181, 529, 286, 628]",page_0018,CacThanhTruyen4
crops/page_0018/col08_char006.png,侍,U+4F8D,người,True,3,"[181, 628, 286, 728]",page_0018,CacThanhTruyen4
crops/page_0018/col08_char007.png,連,U+9023,lên,True,1,"[181, 728, 286, 827]",page_0018,CacThanhTruyen4
crops/page_0018/col08_char008.png,棱,U+68F1,rừng,True,1,"[181, 827, 286, 926]",page_0018,CacThanhTruyen4
crops/page_0018/col08_char009.png,於,U+65BC,ở,True,1,"[181, 926, 286, 1026]",page_0018,CacThanhTruyen4
crops/page_0018/col08_char010.png,帝,U+5E1D,đấy,True,1,"[181, 1026, 286, 1125]",page_0018,CacThanhTruyen4
crops/page_0018/col08_char011.png,老,U+8001,sáu,True,1,"[181, 1125, 286, 1224]",page_0018,CacThanhTruyen4
crops/page_0018/col08_char012.png,𢯗,U+22BD7,năm,True,3,"[181, 1224, 286, 1324]",page_0018,CacThanhTruyen4
crops/page_0018/col08_char013.png,召,U+53EC,chịu,True,1,"[181, 1324, 286, 1423]",page_0018,CacThanhTruyen4
crops/page_0018/col08_char014.png,仍,U+4ECD,những,True,1,"[181, 1423, 286, 1522]",page_0018,CacThanhTruyen4
crops/page_0018/col08_char015.png,対,U+5BFE,đói,True,2,"[181, 1522, 286, 1622]",page_0018,CacThanhTruyen4
crops/page_0018/col08_char016.png,渇,U+6E07,khát,True,1,"[181, 1622, 286, 1721]",page_0018,CacThanhTruyen4
crops/page_0018/col08_char017.png,共,U+5171,cùng,True,1,"[181, 1721, 286, 1820]",page_0018,CacThanhTruyen4
crops/page_0018/col08_char018.png,每,U+6BCF,mọi,True,1,"[181, 1820, 286, 1920]",page_0018,CacThanhTruyen4
crops/page_0018/col09_char000.png,事,U+4E8B,sự,True,1,"[37, 33, 139, 137]",page_0018,CacThanhTruyen4
crops/page_0018/col09_char001.png,庫,U+5EAB,khó,True,1,"[37, 137, 139, 241]",page_0018,CacThanhTruyen4
crops/page_0018/col09_char002.png,𬩍,U+2CA4D,về,True,3,"[37, 241, 139, 345]",page_0018,CacThanhTruyen4
crops/page_0018/col09_char003.png,殼,U+6BBC,xác,True,1,"[37, 345, 139, 449]",page_0018,CacThanhTruyen4
crops/page_0018/col09_char004.png,双,U+53CC,song,True,1,"[37, 449, 139, 554]",page_0018,CacThanhTruyen4
crops/page_0018/col09_char005.png,藜,U+85DC,le,True,3,"[37, 554, 139, 658]",page_0018,CacThanhTruyen4
crops/page_0018/col09_char006.png,𪥯,U+2A96F,no,True,3,"[37, 658, 139, 762]",page_0018,CacThanhTruyen4
crops/page_0018/col09_char007.png,𠫅,U+20AC5,đầy,True,3,"[37, 762, 139, 866]",page_0018,CacThanhTruyen4
crops/page_0018/col09_char008.png,灵,U+7075,linh,True,1,"[37, 866, 139, 971]",page_0018,CacThanhTruyen4
crops/page_0018/col09_char009.png,魂,U+9B42,hồn,True,3,"[37, 971, 139, 1075]",page_0018,CacThanhTruyen4
crops/page_0018/col09_char010.png,旦,U+65E6,Đến,True,1,"[37, 1075, 139, 1179]",page_0018,CacThanhTruyen4
crops/page_0018/col09_char011.png,𠊚,U+2029A,ngày,True,3,"[37, 1179, 139, 1283]",page_0018,CacThanhTruyen4
crops/page_0018/col09_char012.png,𢖖,U+22596,sau,True,3,"[37, 1283, 139, 1387]",page_0018,CacThanhTruyen4
crops/page_0018/col09_char013.png,㝵,U+3775,người,True,1,"[37, 1387, 139, 1492]",page_0018,CacThanhTruyen4
crops/page_0018/col09_char014.png,些,U+4E9B,ta,True,1,"[37, 1492, 139, 1596]",page_0018,CacThanhTruyen4
crops/page_0018/col09_char015.png,体,U+4F53,thấy,True,1,"[37, 1596, 139, 1700]",page_0018,CacThanhTruyen4
crops/page_0018/col09_char016.png,福,U+798F,phúc,True,1,"[37, 1700, 139, 1804]",page_0018,CacThanhTruyen4
crops/page_0018/col09_char017.png,㝵,U+3775,người,True,3,"[37, 1804, 139, 1909]",page_0018,CacThanhTruyen4
